"ID","m_road","month","year"
"PR17M0002",0.027423820216613,"02","2018"
"PR17M0007",0.0305874737012462,"02","2018"
"PR17M0006",0.0303177428925932,"02","2018"
"PR17M0005",0.0492618366869864,"02","2018"
"PR17M0031",0.0217200329879164,"02","2018"
"PR17M0016",0.0204276132419845,"02","2018"
"PR17M0022",0.0217244271298325,"02","2018"
"PR17M0023",0.0282677887468307,"02","2018"
"PR17F0032",0.027414802189577,"02","2018"
"PR17M0032",0.0331948715182248,"02","2018"
"PR17M0029",0.0302008595421769,"02","2018"
"PR17M0026",0.0217785352920488,"02","2018"
"PR17M0019",0.0216883550216884,"02","2018"
"PR17M0025",0.0332584837089342,"02","2018"
"PR17M0027",0.0197892503281725,"02","2018"
"PR17M0030",0.0303546790033277,"02","2018"
"PR17M0018",0.021749294204384,"02","2018"
"PR17F0035",0.0439899358818278,"02","2018"
"PR17M0024",0.0217785352920488,"02","2018"
"PR17F0031",0.0332404476548621,"02","2018"
"PR17M0028",0.0331502673845016,"02","2018"
"PR17M0021",0.0368182553811296,"02","2018"
"PR17U0007",0.033212853572135,"02","2018"
"PR17M0017",0.0217244271298325,"02","2018"
"PR17F0023",0.0311898725072378,"02","2018"
"PR17F0026",0.0302464626788951,"02","2018"
"PR17F0008",0.033033033033033,"02","2018"
"PR17U0001",0.0302727877578177,"02","2018"
"PR17F0018",0.0332488176799554,"02","2018"
"PR17M0011",0.0218326434542651,"02","2018"
"PR17F0027",0.0376903849957742,"02","2018"
"PR17F0019",0.0274779283788293,"02","2018"
"PR17F0020",0.029615200786372,"02","2018"
"PR17U0004",0.0330510690871051,"02","2018"
"PR17F0022",0.031028034022046,"02","2018"
"PR17F0037",0.031028034022046,"02","2018"
"PR17M0003",0.033212853572135,"02","2018"
"PR17F0024",0.0310851391932473,"02","2018"
"PR17M0001",0.0283436589742896,"02","2018"
"PR17M0010",0.0457013900127673,"02","2018"
"PR17M0008",0.049238427616806,"02","2018"
"PR17F0036",0.0457707339811395,"02","2018"
"PR17M0033",0.049225872579166,"02","2018"
"PR17M0013",0.0470230709751668,"02","2018"
"PR17F0013",0.0440740141338944,"02","2018"
"PR17M0015",0.0492798187408966,"02","2018"
"PR17F0014",0.049225872579166,"02","2018"
"PR17F0006",0.0490670851031211,"02","2018"
"PR17F0007",0.0464879293708123,"02","2018"
"PR17F0009",0.0310606332245688,"02","2018"
"PR17M0014",0.0332847817877758,"02","2018"
"PR17M0034",0.0464879293708123,"02","2018"
"PR17F0015",0.0310490670851031,"02","2018"
"PR17M0009",0.021290751829674,"02","2018"
"PR17M0012",0.0494416572260884,"02","2018"
"PR17F0004",0.0298861735987484,"02","2018"
"PR17F0010",0.0283707130553977,"02","2018"
"PR17F0005",0.0217695172650128,"02","2018"
"PR17F0012",0.0309588868147427,"02","2018"
"PR17M0004",0.0308867425984543,"02","2018"
"PR17F0001",0.049238427616806,"02","2018"
"PR17F0002",0.031028034022046,"02","2018"
"PR17F0003",0.0312113915717519,"02","2018"
"PR17F0033",0.0302464626788951,"02","2018"
"PR17F0034",0.0304705903508299,"02","2018"
"PR17F0011",0.049225872579166,"02","2018"
"PR17F0017",0.0275230185140095,"02","2018"
"PR17M0002",0.0290019749479209,"04","2018"
"PR17M0007",0.039823607391175,"04","2018"
"PR17M0006",0.036485587383791,"04","2018"
"PR17M0005",0.0518062973152794,"04","2018"
"PR17M0031",0.0335455215694737,"04","2018"
"PR17M0016",0.0303087518656381,"04","2018"
"PR17M0022",0.0190519861178544,"04","2018"
"PR17M0023",0.0171973775577379,"04","2018"
"PR17F0032",0.0293626960293627,"04","2018"
"PR17M0032",0.0320709931488375,"04","2018"
"PR17M0029",0.0270180360000719,"04","2018"
"PR17M0026",0.0425470515560606,"04","2018"
"PR17F0033",0.0439538637736836,"04","2018"
"PR17M0019",0.0306841407006347,"04","2018"
"PR17M0025",0.0271618924313535,"04","2018"
"PR17M0027",0.0203627050473897,"04","2018"
"PR17M0030",0.0319451187714661,"04","2018"
"PR17M0018",0.0200679721637805,"04","2018"
"PR17F0035",0.0447023600176753,"04","2018"
"PR17F0031",0.0295791286782278,"04","2018"
"PR17M0028",0.0331319343295391,"04","2018"
"PR17F0034",0.0303087518656381,"04","2018"
"PR17M0021",0.0280370460550641,"04","2018"
"PR17U0007",0.0269007746485224,"04","2018"
"PR17M0017",0.0334568803037271,"04","2018"
"PR17F0023",0.0327992663322005,"04","2018"
"PR17F0026",0.0278991566416716,"04","2018"
"PR17F0017",0.0220639801478125,"04","2018"
"PR17F0008",0.0451442433424415,"04","2018"
"PR17U0001",0.0298677055433812,"04","2018"
"PR17F0018",0.038580496664329,"04","2018"
"PR17M0011",0.0202588834307433,"04","2018"
"PR17F0027",0.0327534741949156,"04","2018"
"PR17F0019",0.030226971207286,"04","2018"
"PR17F0020",0.0221269173364982,"04","2018"
"PR17U0004",0.0323766880653108,"04","2018"
"PR17F0022",0.0568142993292694,"04","2018"
"PR17F0037",0.0455575335814857,"04","2018"
"PR17M0003",0.0240779701857546,"04","2018"
"PR17F0024",0.0567513621405837,"04","2018"
"PR17M0001",0.0221843465086708,"04","2018"
"PR17M0010",0.0473266058851644,"04","2018"
"PR17M0008",0.0468937405874343,"04","2018"
"PR17F0036",0.0441369513225801,"04","2018"
"PR17M0033",0.0456204707701714,"04","2018"
"PR17M0013",0.0463487439535344,"04","2018"
"PR17F0013",0.0448472424520329,"04","2018"
"PR17M0015",0.0497975452930408,"04","2018"
"PR17F0014",0.0477143810477144,"04","2018"
"PR17F0006",0.0477865252640027,"04","2018"
"PR17F0011",0.0476884069698441,"04","2018"
"PR17F0009",0.0244388532676821,"04","2018"
"PR17M0014",0.0256021787553319,"04","2018"
"PR17M0034",0.0522558486630343,"04","2018"
"PR17F0015",0.0422847997698297,"04","2018"
"PR17M0009",0.0357564771979186,"04","2018"
"PR17M0012",0.043768319217421,"04","2018"
"PR17F0004",0.0312438186689684,"04","2018"
"PR17F0010",0.0233296359422486,"04","2018"
"PR17F0005",0.0226713199686173,"04","2018"
"PR17F0012",0.017621224828432,"04","2018"
"PR17M0004",0.0220909532286778,"04","2018"
"PR17F0001",0.0500080919242596,"04","2018"
"PR17F0002",0.0276923630217043,"04","2018"
"PR17M0024",0.0230350110589632,"04","2018"
"PR17F0007",0.0568592544640449,"04","2018"
"PR17F0003",0.0146104188020356,"04","2018"
"PR17M0002",0.0257645032419807,"07","2018"
"PR17M0007",0.0406171937703469,"07","2018"
"PR17M0006",0.0330959702217187,"07","2018"
"PR17M0005",0.0503677330024635,"07","2018"
"PR17M0031",0.0215350485620756,"07","2018"
"PR17M0016",0.0324216432000863,"07","2018"
"PR17M0022",0.0332847817877758,"07","2018"
"PR17M0023",0.0200290380470561,"07","2018"
"PR17F0032",0.0283846720972469,"07","2018"
"PR17M0032",0.0314819323828333,"07","2018"
"PR17M0029",0.0309228147065985,"07","2018"
"PR17M0026",0.0436820968840762,"07","2018"
"PR17F0033",0.0395891386882378,"07","2018"
"PR17M0019",0.032428825221618,"07","2018"
"PR17M0025",0.0278115953791629,"07","2018"
"PR17M0027",0.0162198126269983,"07","2018"
"PR17M0030",0.0324396252539965,"07","2018"
"PR17M0018",0.0201282363444526,"07","2018"
"PR17F0035",0.0392627917817061,"07","2018"
"PR17M0024",0.0352965578190803,"07","2018"
"PR17F0031",0.0283166048931815,"07","2018"
"PR17M0028",0.039426814201589,"07","2018"
"PR17F0034",0.032419807194582,"07","2018"
"PR17M0021",0.0282100469719244,"07","2018"
"PR17U0007",0.0300028685144681,"07","2018"
"PR17M0017",0.0340849831867796,"07","2018"
"PR17F0023",0.0241051862673484,"07","2018"
"PR17F0026",0.0264066461671252,"07","2018"
"PR17F0017",0.0257772742802683,"07","2018"
"PR17F0008",0.0405495315674956,"07","2018"
"PR17U0001",0.0308687065443822,"07","2018"
"PR17F0018",0.0396883369856343,"07","2018"
"PR17M0011",0.0191418963874054,"07","2018"
"PR17F0027",0.0397313481145816,"07","2018"
"PR17F0019",0.0324036611461761,"07","2018"
"PR17F0020",0.0338691985398572,"07","2018"
"PR17U0004",0.0343726960493428,"07","2018"
"PR17F0037",0.0411429393465322,"07","2018"
"PR17M0003",0.0181352523694866,"07","2018"
"PR17F0024",0.0561823084345607,"07","2018"
"PR17M0001",0.024113934293575,"07","2018"
"PR17M0010",0.046632217803389,"07","2018"
"PR17M0008",0.043592455806949,"07","2018"
"PR17F0036",0.0560740921101281,"07","2018"
"PR17M0033",0.0464248031815599,"07","2018"
"PR17M0013",0.0473716960203447,"07","2018"
"PR17F0013",0.0217852583122044,"07","2018"
"PR17M0015",0.0507453561345777,"07","2018"
"PR17F0014",0.0451622793965136,"07","2018"
"PR17F0006",0.0557983132833432,"07","2018"
"PR17F0011",0.0541983424866308,"07","2018"
"PR17F0009",0.0226983740497254,"07","2018"
"PR17M0014",0.0332847817877758,"07","2018"
"PR17M0034",0.0450090809372247,"07","2018"
"PR17F0015",0.0455771086401717,"07","2018"
"PR17M0009",0.0335290245200155,"07","2018"
"PR17M0012",0.0442808077538616,"07","2018"
"PR17F0004",0.0332578087069105,"07","2018"
"PR17F0010",0.0357483231734729,"07","2018"
"PR17F0005",0.0348456564672781,"07","2018"
"PR17F0012",0.0216522829135442,"07","2018"
"PR17M0004",0.0213456699943186,"07","2018"
"PR17F0001",0.0326114238588691,"07","2018"
"PR17F0002",0.0264695833558109,"07","2018"
"PR17F0003",0.0375645106184028,"07","2018"
"PR17M0002",0.0202388016759274,"11","2018"
"PR17M0007",0.0406803199595992,"11","2018"
"PR17M0006",0.0319508697887076,"11","2018"
"PR17M0005",0.0471732994255517,"11","2018"
"PR17M0022",0.0322707877657858,"11","2018"
"PR17M0023",0.0332937728147309,"11","2018"
"PR17F0032",0.0249500998003992,"11","2018"
"PR17M0032",0.0333035738441144,"11","2018"
"PR17M0029",0.0202857757538815,"11","2018"
"PR17M0026",0.0450000899102696,"11","2018"
"PR17F0033",0.0349750948553344,"11","2018"
"PR17M0025",0.0325924727122332,"11","2018"
"PR17M0030",0.0202857757538815,"11","2018"
"PR17M0018",0.0202140628921797,"11","2018"
"PR17F0035",0.045027008990973,"11","2018"
"PR17M0024",0.0204276132419845,"11","2018"
"PR17M0028",0.0328526724923121,"11","2018"
"PR17F0034",0.0202388016759274,"11","2018"
"PR17U0007",0.0351818884753016,"11","2018"
"PR17M0017",0.0204276132419845,"11","2018"
"PR17F0023",0.0309769228688148,"11","2018"
"PR17F0026",0.0246713779647911,"11","2018"
"PR17F0017",0.0310516691168561,"11","2018"
"PR17F0008",0.0344356332380284,"11","2018"
"PR17U0001",0.0326823829817842,"11","2018"
"PR17F0018",0.0323476629782936,"11","2018"
"PR17M0011",0.0161512864215567,"11","2018"
"PR17F0027",0.0352807897718077,"11","2018"
"PR17F0020",0.03230475984967,"11","2018"
"PR17U0004",0.0327907060131235,"11","2018"
"PR17M0003",0.0315674956393519,"11","2018"
"PR17F0024",0.0409990829152506,"11","2018"
"PR17M0001",0.025933163612894,"11","2018"
"PR17M0008",0.0480570390750031,"11","2018"
"PR17F0036",0.046830614398182,"11","2018"
"PR17M0013",0.0483897070723418,"11","2018"
"PR17F0013",0.0373977581184788,"11","2018"
"PR17M0015",0.0514658802947091,"11","2018"
"PR17F0014",0.0476352683853849,"11","2018"
"PR17F0006",0.046830614398182,"11","2018"
"PR17F0011",0.0469601337864811,"11","2018"
"PR17F0009",0.0331773214656098,"11","2018"
"PR17M0014",0.0318763670264262,"11","2018"
"PR17M0034",0.0476614338889788,"11","2018"
"PR17M0009",0.0342143945747549,"11","2018"
"PR17M0012",0.0467982953012893,"11","2018"
"PR17F0004",0.0333297369225513,"11","2018"
"PR17F0010",0.0344536152919386,"11","2018"
"PR17F0005",0.0340670011328694,"11","2018"
"PR17F0012",0.0332937728147309,"11","2018"
"PR17F0002",0.0386422458494531,"11","2018"
"PR17F0003",0.0352538166909424,"11","2018"
"PR17F0037",0.0385277349492631,"11","2018"
"PR17F0015",0.051447844240637,"11","2018"
"PR17F0019",0.0203356509662816,"11","2018"
"PR18F0008",0.0479668858047236,"02","2019"
"PR17M0002",0.023023023023023,"02","2019"
"PR17M0007",0.0364676053298808,"02","2019"
"PR17M0006",0.0155005304705904,"02","2019"
"PR17M0005",0.0524849173497822,"02","2019"
"PR18F0033",0.0384560220875614,"02","2019"
"PR18F0034",0.0382298466130801,"02","2019"
"PR18F0032",0.0420600780961141,"02","2019"
"PR18F0025",0.0469960978943015,"02","2019"
"PR18F0024",0.0475700926151377,"02","2019"
"PR18F0019",0.0562208915502329,"02","2019"
"PR18M0015",0.045027008990973,"02","2019"
"PR18F0029",0.0621883144405667,"02","2019"
"PR18M0011",0.038580496664329,"02","2019"
"PR18F0022",0.0351279423135711,"02","2019"
"PR18M0010",0.0401572743915086,"02","2019"
"PR18M0014",0.0472003535066598,"02","2019"
"PR18F0027",0.0453327579076082,"02","2019"
"PR18F0030",0.045152210548962,"02","2019"
"PR18F0021",0.0348095843591339,"02","2019"
"PR18M0012",0.0351432513594676,"02","2019"
"PR18M0013",0.0447113780447114,"02","2019"
"PR18F0026",0.0450090809372247,"02","2019"
"PR18F0023",0.0471039902177627,"02","2019"
"PR18F0028",0.0459288116945775,"02","2019"
"PR18F0020",0.0348614148947614,"02","2019"
"PR18F0009",0.0478055864319266,"02","2019"
"PR18F0002",0.0450989912067756,"02","2019"
"PR18M0003",0.0449548647746846,"02","2019"
"PR18F0006",0.0478496514532551,"02","2019"
"PR18U0003",0.0451262072883694,"02","2019"
"PR18F0007",0.0448652245059431,"02","2019"
"PR18M0005",0.048030011993976,"02","2019"
"PR18M0007",0.0329341317365269,"02","2019"
"PR18F0012",0.038310765855676,"02","2019"
"PR18U0001",0.0450720991261532,"02","2019"
"PR18F0014",0.038400676125227,"02","2019"
"PR18M0001",0.0462768157378936,"02","2019"
"PR18U0002",0.0450720991261532,"02","2019"
"PR18F0017",0.0329520599519524,"02","2019"
"PR18F0005",0.0478414428627774,"02","2019"
"PR18M0006",0.0465735196274118,"02","2019"
"PR18F0016",0.0381552723895066,"02","2019"
"PR18F0011",0.04776932621244,"02","2019"
"PR18F0003",0.0467030011832622,"02","2019"
"PR18F0010",0.0451262072883694,"02","2019"
"PR18F0015",0.0384438492546601,"02","2019"
"PR18F0013",0.0384456312600025,"02","2019"
"PR18F0018",0.0322777867688047,"02","2019"
"PR18M0008",0.0324739153567982,"02","2019"
"PR17M0022",0.0222168276060492,"02","2019"
"PR17M0023",0.0371599144054234,"02","2019"
"PR17F0032",0.0222023825627429,"02","2019"
"PR17M0032",0.0242314386458531,"02","2019"
"PR17M0029",0.0305605006203809,"02","2019"
"PR17M0026",0.0333216098981865,"02","2019"
"PR17F0033",0.0232597867328406,"02","2019"
"PR17M0025",0.0222023825627429,"02","2019"
"PR17M0030",0.0221898545251839,"02","2019"
"PR17M0018",0.0153757360964568,"02","2019"
"PR17F0035",0.03322241160079,"02","2019"
"PR17M0024",0.0153476830123537,"02","2019"
"PR17M0028",0.0242218266170362,"02","2019"
"PR17F0034",0.0227975723471219,"02","2019"
"PR17U0007",0.0305891477062648,"02","2019"
"PR17M0017",0.0155921687453219,"02","2019"
"PR17F0023",0.0299311287335239,"02","2019"
"PR17F0026",0.0224729233738243,"02","2019"
"PR17F0017",0.0304448592736881,"02","2019"
"PR17F0008",0.0332757907608207,"02","2019"
"PR17U0001",0.0241678804553056,"02","2019"
"PR17F0018",0.0230619841398285,"02","2019"
"PR17M0011",0.0367394421448475,"02","2019"
"PR17F0027",0.0333477189764615,"02","2019"
"PR17F0020",0.0300661021381742,"02","2019"
"PR17U0004",0.0241049432666199,"02","2019"
"PR17F0037",0.0359820898743054,"02","2019"
"PR17M0003",0.033392674111237,"02","2019"
"PR17F0024",0.0370009649288929,"02","2019"
"PR17M0001",0.0349301397205589,"02","2019"
"PR17M0008",0.0518962075848303,"02","2019"
"PR17F0036",0.0532875217559902,"02","2019"
"PR17M0013",0.0518152883422345,"02","2019"
"PR17F0013",0.0333836830842819,"02","2019"
"PR17M0015",0.0519167816465114,"02","2019"
"PR17F0014",0.0531071612152693,"02","2019"
"PR17F0006",0.0532875217559902,"02","2019"
"PR17F0011",0.0520881241601962,"02","2019"
"PR17F0009",0.0333486639792946,"02","2019"
"PR17M0014",0.0231453261142386,"02","2019"
"PR17M0034",0.0508444189465381,"02","2019"
"PR17F0015",0.0529121936307565,"02","2019"
"PR17M0009",0.0366402438474511,"02","2019"
"PR17M0012",0.050862239484994,"02","2019"
"PR17F0004",0.0240775933163613,"02","2019"
"PR17F0010",0.0328797265734203,"02","2019"
"PR17F0005",0.0366402438474511,"02","2019"
"PR17F0012",0.0328797265734203,"02","2019"
"PR17F0002",0.0371599144054234,"02","2019"
"PR17F0003",0.0372173975777579,"02","2019"
"PR18F0031",0.063512614410818,"02","2019"
"PR17F0019",0.0157003850697544,"02","2019"
"PR19M0001",0.0291848734962507,"02","2019"
"PR19M0003",0.0302644987329672,"02","2019"
"PR19F0004",0.0420510600690781,"02","2019"
"PR19F0033",0.0113446780113447,"02","2019"
"PR19F0001",0.0251479023934114,"02","2019"
"PR19F0002",0.00881963044125206,"02","2019"
"PR19F0007",0.026413801188576,"02","2019"
"PR19F0006",0.0460700221179263,"02","2019"
"PR19F0005",0.023419816212609,"02","2019"
"PR19F0003",0.0480030929132726,"02","2019"
"PR19M0002",0.0232935638341044,"02","2019"
"PR17M0002",0.026658394921868,"04","2019"
"PR17M0007",0.0348672025318732,"04","2019"
"PR17M0006",0.0140467567858295,"04","2019"
"PR17M0005",0.0457463451475427,"04","2019"
"PR19M0002",0,"04","2019"
"PR19F0005",0.0372189752232063,"04","2019"
"PR19F0003",0.0255566710889598,"04","2019"
"PR19F0006",0.0481289672906439,"04","2019"
"PR19F0007",0.000225450675901126,"04","2019"
"PR19F0002",0.0471512065688981,"04","2019"
"PR19F0033",0.0195375015734297,"04","2019"
"PR19M0001",0.0396953840067613,"04","2019"
"PR18F0033",0.0348434866793359,"04","2019"
"PR18F0034",0.0502935367800233,"04","2019"
"PR18F0032",0.0360989732247217,"04","2019"
"PR18F0025",0.0277283271295247,"04","2019"
"PR18F0024",0.0467926422603894,"04","2019"
"PR18F0019",0.0429771088453723,"04","2019"
"PR18F0031",0.0511850550396214,"04","2019"
"PR18M0015",0.0311089532646419,"04","2019"
"PR18F0029",0.0481923364806248,"04","2019"
"PR18M0011",0.039488590386794,"04","2019"
"PR18F0022",0.0388322454190718,"04","2019"
"PR18M0010",0.0498967435904373,"04","2019"
"PR18M0014",0.0435931426922418,"04","2019"
"PR18F0027",0.0509428347266185,"04","2019"
"PR18F0030",0.0475805146463829,"04","2019"
"PR18F0021",0.0363147578716441,"04","2019"
"PR18M0012",0.0559001756965112,"04","2019"
"PR18M0013",0.0320049779509239,"04","2019"
"PR18F0023",0.0390207608734627,"04","2019"
"PR18F0028",0.0542253965677389,"04","2019"
"PR18F0020",0.0457553361744979,"04","2019"
"PR18F0009",0.0344626063188937,"04","2019"
"PR18F0002",0.0362163965767569,"04","2019"
"PR18M0003",0.0389221556886228,"04","2019"
"PR18F0006",0.0402023645266888,"04","2019"
"PR18U0003",0.0357123590656525,"04","2019"
"PR18F0007",0.0498912085738433,"04","2019"
"PR18M0005",0.0377494611728846,"04","2019"
"PR18M0007",0.0308212404020787,"04","2019"
"PR18F0012",0.0548812285339231,"04","2019"
"PR18U0001",0.0429828964824841,"04","2019"
"PR18F0014",0.0572188955422488,"04","2019"
"PR18M0001",0.0340130549711388,"04","2019"
"PR18U0002",0.035035035035035,"04","2019"
"PR18F0017",0.043129956303609,"04","2019"
"PR18F0005",0.0403427379475284,"04","2019"
"PR18M0006",0.0418262573951197,"04","2019"
"PR18F0011",0.0421953485016548,"04","2019"
"PR18F0003",0.057146186668579,"04","2019"
"PR18F0010",0.0450630810991171,"04","2019"
"PR18F0015",0.0574616532700365,"04","2019"
"PR18F0013",0.037830623416209,"04","2019"
"PR18F0018",0.0313427199654745,"04","2019"
"PR18M0008",0.0316304328280376,"04","2019"
"PR17M0022",0.0163226289352415,"04","2019"
"PR17M0023",0.018613207802397,"04","2019"
"PR17F0032",0.0277013540486594,"04","2019"
"PR17M0032",0.024015005996988,"04","2019"
"PR17M0029",0.0287675062449837,"04","2019"
"PR17M0026",0.0435028147298218,"04","2019"
"PR17F0033",0.0314236392080703,"04","2019"
"PR17M0030",0.0218687155624093,"04","2019"
"PR17M0018",0.0198396594792991,"04","2019"
"PR17F0035",0.0324396252539965,"04","2019"
"PR17M0024",0.0230108644985478,"04","2019"
"PR17M0028",0.043439836232629,"04","2019"
"PR17F0034",0.0298232364100628,"04","2019"
"PR17U0007",0.0239608978347717,"04","2019"
"PR17M0017",0.0218687155624093,"04","2019"
"PR17F0023",0.0330871411952493,"04","2019"
"PR17F0026",0.0214975454496413,"04","2019"
"PR17F0017",0.0235550866181497,"04","2019"
"PR17F0008",0.042950135764507,"04","2019"
"PR17U0001",0.0247995743491239,"04","2019"
"PR17F0018",0.0429828964824841,"04","2019"
"PR17M0011",0.0192895598301004,"04","2019"
"PR17F0027",0.0208322094549639,"04","2019"
"PR17F0019",0.0156174138210066,"04","2019"
"PR17F0020",0.0332675017359702,"04","2019"
"PR17U0004",0.0332855377900423,"04","2019"
"PR17F0037",0.0359638918197477,"04","2019"
"PR17M0003",0.0275590906221537,"04","2019"
"PR17F0024",0.0314146481811152,"04","2019"
"PR17M0008",0.0462083705326949,"04","2019"
"PR17M0013",0.0461632803975146,"04","2019"
"PR17F0013",0.045243441639838,"04","2019"
"PR17M0015",0.0463217708726691,"04","2019"
"PR17F0014",0.0485785186383989,"04","2019"
"PR17F0006",0.045584506662351,"04","2019"
"PR17F0011",0.0462408516300732,"04","2019"
"PR17F0009",0.0205905554161139,"04","2019"
"PR17M0014",0.0280969592346838,"04","2019"
"PR17M0034",0.0462624786949111,"04","2019"
"PR17F0015",0.0497203790616964,"04","2019"
"PR17M0009",0.0302727877578177,"04","2019"
"PR17M0012",0.0469929388848308,"04","2019"
"PR17F0004",0.0328444906593998,"04","2019"
"PR17F0010",0.0343547139954326,"04","2019"
"PR17F0005",0.0279531028034022,"04","2019"
"PR17F0012",0.0138967796625454,"04","2019"
"PR17F0002",0.0302188415960871,"04","2019"
"PR17F0003",0.0315585046123968,"04","2019"
"PR17M0001",0.0236633029425822,"04","2019"
"PR17F0036",0.0497203790616964,"04","2019"
"PR17M0025",0.0301648954343565,"04","2019"
"PR18M0002",0.0364676053298808,"04","2019"
"PR17M0002",0.0277574872169467,"07","2019"
"PR17M0007",0.0427815202589977,"07","2019"
"PR17M0006",0.0328981676287066,"07","2019"
"PR17M0005",0.0392915437960483,"07","2019"
"PR19M0002",0.028891319158091,"07","2019"
"PR19F0005",0.0378666955243532,"07","2019"
"PR19F0006",0.0295791286782278,"07","2019"
"PR19F0007",0.00762439085792379,"07","2019"
"PR19F0002",0.0447925402880358,"07","2019"
"PR19F0033",0.0238075913751589,"07","2019"
"PR19M0001",0.0419608797987176,"07","2019"
"PR18F0033",0.0499390440675535,"07","2019"
"PR18F0034",0.0540090989192786,"07","2019"
"PR18F0032",0.0481820789558607,"07","2019"
"PR18F0025",0.0259719178638098,"07","2019"
"PR18F0024",0.0473266058851644,"07","2019"
"PR18F0019",0.0339528717907096,"07","2019"
"PR18F0031",0.0602129075182967,"07","2019"
"PR18M0015",0.0350560140979303,"07","2019"
"PR18F0029",0.0572283995707419,"07","2019"
"PR18M0011",0.0395891386882378,"07","2019"
"PR18F0022",0.0525255794716873,"07","2019"
"PR18M0010",0.0497524551578606,"07","2019"
"PR18M0014",0.0414558702846991,"07","2019"
"PR18F0027",0.030758303213393,"07","2019"
"PR18F0030",0.0459441477405549,"07","2019"
"PR18F0021",0.0354965744187301,"07","2019"
"PR18M0012",0.0553255958661364,"07","2019"
"PR18M0013",0.0309111506716297,"07","2019"
"PR18F0023",0.0343952812937,"07","2019"
"PR18F0028",0.0438095753411069,"07","2019"
"PR18F0020",0.0543516489462435,"07","2019"
"PR18F0002",0.0415189964739514,"07","2019"
"PR18M0003",0.0380347090250636,"07","2019"
"PR18F0006",0.0323676970383557,"07","2019"
"PR18U0003",0.0327083840597354,"07","2019"
"PR18F0007",0.0623776930083236,"07","2019"
"PR18M0007",0.0318821815827804,"07","2019"
"PR18F0012",0.0555961366772178,"07","2019"
"PR18U0001",0.0324558793027261,"07","2019"
"PR18F0014",0.0541521746925311,"07","2019"
"PR18M0001",0.0343677010343677,"07","2019"
"PR18U0002",0.041333500663344,"07","2019"
"PR18F0017",0.0449007566124683,"07","2019"
"PR18F0005",0.0350711071431792,"07","2019"
"PR18M0006",0.0412123835547259,"07","2019"
"PR18F0003",0.045152210548962,"07","2019"
"PR18F0010",0.0372947798097499,"07","2019"
"PR18F0013",0.0496712929145362,"07","2019"
"PR18F0018",0.030823616409202,"07","2019"
"PR18M0008",0.0352424496568641,"07","2019"
"PR17M0022",0.021021021021021,"07","2019"
"PR17M0023",0.0170440710981252,"07","2019"
"PR17F0032",0.0282138425851001,"07","2019"
"PR17M0032",0.0294635953318588,"07","2019"
"PR17M0029",0.0258132383880887,"07","2019"
"PR17M0026",0.0444350819319445,"07","2019"
"PR17M0025",0.0304538773007241,"07","2019"
"PR17M0030",0.0316532748965181,"07","2019"
"PR17M0018",0.019855498583671,"07","2019"
"PR17F0035",0.0309261716088781,"07","2019"
"PR17M0024",0.022567477657298,"07","2019"
"PR17M0028",0.0435751066381697,"07","2019"
"PR17F0034",0.0330149969789609,"07","2019"
"PR17U0007",0.0278566855143432,"07","2019"
"PR17M0017",0.0313833411022267,"07","2019"
"PR17F0023",0.0309650968333603,"07","2019"
"PR17F0026",0.0278566855143432,"07","2019"
"PR17F0017",0.0309047786525264,"07","2019"
"PR17F0008",0.0406611925848901,"07","2019"
"PR17U0001",0.0304538773007241,"07","2019"
"PR17F0018",0.0295008784825558,"07","2019"
"PR17M0011",0.0191418963874054,"07","2019"
"PR17F0027",0.0361983605226848,"07","2019"
"PR17F0019",0.0192715237760283,"07","2019"
"PR17F0020",0.0288342234450019,"07","2019"
"PR17U0004",0.0309769228688148,"07","2019"
"PR17F0037",0.0414396432360504,"07","2019"
"PR17M0003",0.0225991757523289,"07","2019"
"PR17F0024",0.0514826203448958,"07","2019"
"PR17M0001",0.0263777290804318,"07","2019"
"PR17M0008",0.0461599323874773,"07","2019"
"PR17M0013",0.0488686885083282,"07","2019"
"PR17F0013",0.0289749208668128,"07","2019"
"PR17M0015",0.0461903344786228,"07","2019"
"PR17F0014",0.0489021956087824,"07","2019"
"PR17F0006",0.0487673302044559,"07","2019"
"PR17F0011",0.0487673302044559,"07","2019"
"PR17F0009",0.023295750840661,"07","2019"
"PR17M0014",0.0334106561651472,"07","2019"
"PR17M0034",0.0477504531558586,"07","2019"
"PR17F0015",0.0482008955062847,"07","2019"
"PR17M0009",0.0311359263455072,"07","2019"
"PR17M0012",0.0472003535066598,"07","2019"
"PR17F0004",0.0341873404936468,"07","2019"
"PR17F0010",0.0210120299940659,"07","2019"
"PR17F0005",0.0419611227994462,"07","2019"
"PR17F0012",0.0193977761545329,"07","2019"
"PR17F0002",0.0271253899386855,"07","2019"
"PR17F0003",0.033817601385169,"07","2019"
"PR19F0003",0.0308841775907644,"07","2019"
"PR18M0004",0.0455665246084408,"07","2019"
"PR17M0006",0.0376773169565962,"11","2019"
"PR17M0005",0.0478767055343632,"11","2019"
"PR18M0002",0.040396684109259,"11","2019"
"PR19F0005",0.0390030749312186,"11","2019"
"PR19F0003",0.033633332138119,"11","2019"
"PR19F0006",0.0523277768786751,"11","2019"
"PR19F0007",0.0122547697397997,"11","2019"
"PR19F0002",0.0527193860527194,"11","2019"
"PR19F0033",0.024293754832677,"11","2019"
"PR19M0001",0.0241409073744403,"11","2019"
"PR18F0025",0.0319147976805634,"11","2019"
"PR18F0031",0.0563573451898598,"11","2019"
"PR18F0029",0.0568952185718653,"11","2019"
"PR18M0011",0.0440406611925849,"11","2019"
"PR18F0022",0.0362518206829584,"11","2019"
"PR18F0027",0.0464518572626681,"11","2019"
"PR18F0030",0.0502845187529872,"11","2019"
"PR18F0021",0.0333746920573268,"11","2019"
"PR18M0012",0.0485965006923091,"11","2019"
"PR18F0023",0.0465600735871006,"11","2019"
"PR18F0020",0.0361893424956488,"11","2019"
"PR18F0002",0.0380769991548435,"11","2019"
"PR18M0003",0.0380410350470231,"11","2019"
"PR18F0006",0.0275395155634677,"11","2019"
"PR18F0007",0.038624209795381,"11","2019"
"PR18U0001",0.0259660858463254,"11","2019"
"PR18F0014",0.0324755893618169,"11","2019"
"PR18M0001",0.0361439283594972,"11","2019"
"PR18U0002",0.0417805192579967,"11","2019"
"PR18F0017",0.0500680861041221,"11","2019"
"PR18F0005",0.0349719088457827,"11","2019"
"PR18M0006",0.0437915392870348,"11","2019"
"PR18F0013",0.047760765893363,"11","2019"
"PR18F0018",0.0322935548160773,"11","2019"
"PR18M0008",0.03230475984967,"11","2019"
"PR17M0022",0.021021021021021,"11","2019"
"PR17M0023",0.0190460731001272,"11","2019"
"PR17F0032",0.0257413101724479,"11","2019"
"PR17M0032",0.0357842872812933,"11","2019"
"PR17F0035",0.0356572789005221,"11","2019"
"PR17M0024",0.0211472733995257,"11","2019"
"PR17M0028",0.0357847179891714,"11","2019"
"PR17F0034",0.0314097881665449,"11","2019"
"PR17U0007",0.0290109929749569,"11","2019"
"PR17M0017",0.0313737160584007,"11","2019"
"PR17F0023",0.0314548783017252,"11","2019"
"PR17F0026",0.035730933342895,"11","2019"
"PR17F0017",0.0246733219706193,"11","2019"
"PR17F0008",0.0397424451478506,"11","2019"
"PR17F0018",0.0352514676839001,"11","2019"
"PR17M0011",0.0212098325870781,"11","2019"
"PR17F0027",0.0357393321465178,"11","2019"
"PR17F0020",0.0314326302350254,"11","2019"
"PR17U0004",0.0322598047148945,"11","2019"
"PR17F0037",0.0401449353545162,"11","2019"
"PR17M0003",0.0255841427012598,"11","2019"
"PR17F0024",0.0389311467155779,"11","2019"
"PR17F0014",0.0493517469565374,"11","2019"
"PR17F0011",0.0475445505385625,"11","2019"
"PR17F0009",0.0401753104455807,"11","2019"
"PR17M0014",0.0307133480786175,"11","2019"
"PR17F0015",0.0493922334970777,"11","2019"
"PR17M0012",0.0491843194545897,"11","2019"
"PR17F0004",0.0358646935223512,"11","2019"
"PR17F0010",0.01899494424325,"11","2019"
"PR17F0012",0.0402618187049325,"11","2019"
"PR17F0002",0.0189829469108748,"11","2019"
"PR17F0003",0.0224056391721062,"11","2019"
"PR17M0030",0.0318552085019151,"11","2019"
"PR17F0005",0.0273967661355049,"11","2019"
"PR18M0010",0.0373075778481184,"11","2019"
"PR17F0006",0.0474559862311306,"11","2019"
"PR18F0034",0.0345300255210165,"11","2019"
"PR17U0001",0.0252865478090703,"11","2019"
"PR18F0012",0.0494819143467792,"11","2019"
"PR18F0019",0.0454508562616671,"11","2019"
"PR18M0015",0.0436424448400496,"11","2019"
"PR18F0010",0.0482908057758357,"11","2019"
"PR18M0013",0.0464566362769956,"11","2019"
"PR18F0003",0.0573987160813508,"11","2019"
"PR19F0032",0.0111513499946215,"11","2019"
"PR19F0018",0.0160971782593404,"11","2019"
"PR19F0016",0.0110921732543354,"11","2019"
"PR19M0007",0.0109929749569389,"11","2019"
"PR19F0014",0.0112364616869121,"11","2019"
"PR19M0006",0.0121738504972038,"11","2019"
"PR19F0020",0.0124719313908503,"11","2019"
"PR19M0004",0.00925176673679668,"11","2019"
"PR19F0013",0.016102929276582,"11","2019"
"PR19M0005",0.0151139163115211,"11","2019"
"PR19F0023",0.0128122134110158,"11","2019"
"PR19M0008",0.0113017208825592,"11","2019"
"PR19F0026",0.0159292194055004,"11","2019"
"PR19F0022",0.0159860459261657,"11","2019"
"PR19F0021",0.0125260395530666,"11","2019"
"PR19F0028",0.0104116092140044,"11","2019"
"PR19F0008",0.0109690528852205,"11","2019"
"PR19F0025",0.0135806231847682,"11","2019"
"PR19F0019",0.00998295592890188,"11","2019"
"PR19M0010",0.0118953709347772,"11","2019"
"PR19F0015",0.00998295592890188,"11","2019"
"PR19F0027",0.0123087159015303,"11","2019"
"PR19M0009",0.0125801477152829,"11","2019"
"PR19F0009",0.013010016004028,"11","2019"
"PR19F0011",0.0105597188855821,"11","2019"
"PR19F0012",0.0120298325504679,"11","2019"
"PR17M0006",0.0307695082469857,"02","2020"
"PR17M0005",0.0462985508030553,"02","2020"
"PR20F0051",0.0501763024285547,"02","2020"
"PR20F0050",0.0448112783442125,"02","2020"
"PR20F0013",0.04367840894787,"02","2020"
"PR20F0014",0.0233206179152125,"02","2020"
"PR20F0001",0.0437053820287353,"02","2020"
"PR20M0008",0.0254488722957191,"02","2020"
"PR20F0011",0.0217672762582942,"02","2020"
"PR20F0002",0.0498552444660229,"02","2020"
"PR20F0003",0.0510240779701858,"02","2020"
"PR20F0005",0.0498404388827136,"02","2020"
"PR20F0008",0.0451799104493715,"02","2020"
"PR20F0007",0.0371599144054234,"02","2020"
"PR20M0004",0.0347103860617374,"02","2020"
"PR20M0002",0.0452163875587299,"02","2020"
"PR20F0006",0.0338536734933131,"02","2020"
"PR20M0005",0.0228821636007265,"02","2020"
"PR20F0004",0.0381399363435292,"02","2020"
"PR20F0009",0.0337343331355307,"02","2020"
"PR20M0007",0.0209401556169099,"02","2020"
"PR20F0016",0.0437013590166743,"02","2020"
"PR20F0017",0.0267113960807655,"02","2020"
"PR20M0001",0.0169390947834062,"02","2020"
"PR20F0018",0.0436963910017802,"02","2020"
"PR20F0015",0.0437013590166743,"02","2020"
"PR20M0006",0.0186923450396504,"02","2020"
"PR20F0021",0.0567233900567234,"02","2020"
"PR20F0024",0.0569851288414163,"02","2020"
"PR20F0030",0.0567233900567234,"02","2020"
"PR20F0020",0.0570300029759489,"02","2020"
"PR20F0028",0.055747785865395,"02","2020"
"PR20F0023",0.0567865162459757,"02","2020"
"PR20F0031",0.0568586604622641,"02","2020"
"PR20F0033",0.0568586604622641,"02","2020"
"PR20F0027",0.0591969214723706,"02","2020"
"PR20F0026",0.0568322813831796,"02","2020"
"PR20U0003",0.0223737250764278,"02","2020"
"PR20F0041",0.0223196169142115,"02","2020"
"PR20F0039",0.0238981496466526,"02","2020"
"PR20F0037",0.0233747260774288,"02","2020"
"PR20F0038",0.0228606985363742,"02","2020"
"PR20F0049",0.0228877526174823,"02","2020"
"PR20F0036",0.0228967706445184,"02","2020"
"PR20F0045",0.0245616551328481,"02","2020"
"PR20F0035",0.0215048944028111,"02","2020"
"PR20M0009",0.0223556890223557,"02","2020"
"PR20F0044",0.0229660439599842,"02","2020"
"PR20F0034",0.0241322403484566,"02","2020"
"PR20M0010",0.0227615002389777,"02","2020"
"PR20F0043",0.0234017801585369,"02","2020"
"PR20F0025",0.0569669045143246,"02","2020"
"PR20F0022",0.0568053083023143,"02","2020"
"PR19M0013",0.0384546222869576,"02","2020"
"PR19F0031",0.03481860238617,"02","2020"
"PR19F0029",0.0075884267501034,"02","2020"
"PR19F0011",0.0260440620800981,"02","2020"
"PR19F0025",0.00880159438717997,"02","2020"
"PR19F0027",0.00881171788160207,"02","2020"
"PR19F0009",0.0136843430256604,"02","2020"
"PR19F0028",0.0135674596752441,"02","2020"
"PR19F0008",0.0137074010947885,"02","2020"
"PR19F0021",0.00881171788160207,"02","2020"
"PR19F0023",0.0136034237830645,"02","2020"
"PR19M0008",0.0135811487162839,"02","2020"
"PR19F0026",0.0162018305730881,"02","2020"
"PR19F0022",0.0161838485191779,"02","2020"
"PR19M0005",0.0155095214975454,"02","2020"
"PR19F0020",0.00883817949686213,"02","2020"
"PR19M0004",0.00699501897106687,"02","2020"
"PR19F0013",0.0155470786101417,"02","2020"
"PR19F0018",0.0155560966371777,"02","2020"
"PR19F0016",0.0115624606642571,"02","2020"
"PR19M0007",0.0127133121145097,"02","2020"
"PR19F0032",0.0162324486648811,"02","2020"
"PR19F0005",0.0342917768067469,"02","2020"
"PR19F0003",0.0310671031391752,"02","2020"
"PR19F0007",0.00882019744295193,"02","2020"
"PR19F0002",0.0487493481505458,"02","2020"
"PR19F0033",0.0437413461365557,"02","2020"
"PR19M0001",0.0304809313818323,"02","2020"
"PR18F0025",0.0279321596328301,"02","2020"
"PR18M0011",0.03912894930859,"02","2020"
"PR18F0022",0.0367103630576684,"02","2020"
"PR18M0010",0.0456114797432163,"02","2020"
"PR18F0027",0.0463706950193437,"02","2020"
"PR18F0030",0.0505550595640686,"02","2020"
"PR18F0021",0.0367664962259557,"02","2020"
"PR18M0012",0.0343496649802956,"02","2020"
"PR18F0023",0.0549531567495639,"02","2020"
"PR18F0020",0.0369288207126045,"02","2020"
"PR18F0002",0.0350829871787956,"02","2020"
"PR18M0003",0.0403833052457958,"02","2020"
"PR18F0014",0.0341209472946,"02","2020"
"PR18F0017",0.0336823309796283,"02","2020"
"PR18F0005",0.0338085833581329,"02","2020"
"PR18M0006",0.0432378486270702,"02","2020"
"PR18M0008",0.0320139959779599,"02","2020"
"PR17M0022",0.0289388487586686,"02","2020"
"PR17M0023",0.0271172072973875,"02","2020"
"PR17F0032",0.0340430520610701,"02","2020"
"PR17M0032",0.0339528717907096,"02","2020"
"PR17M0030",0.0253726780672888,"02","2020"
"PR17M0024",0.022837208465951,"02","2020"
"PR17M0028",0.0280666212485209,"02","2020"
"PR17F0034",0.0228967706445184,"02","2020"
"PR17U0007",0.0337093850607364,"02","2020"
"PR17M0017",0.0326452578704831,"02","2020"
"PR17F0026",0.0238977716455194,"02","2020"
"PR17F0017",0.0237992483501466,"02","2020"
"PR17F0008",0.033835637439241,"02","2020"
"PR17U0001",0.034210857564151,"02","2020"
"PR17F0018",0.0334286382190574,"02","2020"
"PR17M0011",0.0227832623042204,"02","2020"
"PR17F0020",0.0342648037258816,"02","2020"
"PR17U0004",0.0289061516606427,"02","2020"
"PR17F0037",0.0302013725437149,"02","2020"
"PR17M0003",0.0237985733481229,"02","2020"
"PR17F0024",0.0231249213285141,"02","2020"
"PR17F0011",0.0458424468428413,"02","2020"
"PR17F0009",0.0227615002389777,"02","2020"
"PR17M0014",0.0230440020859183,"02","2020"
"PR17F0015",0.0474546402690115,"02","2020"
"PR17M0012",0.0475791106421737,"02","2020"
"PR17F0004",0.0333847360874388,"02","2020"
"PR17F0012",0.0258222294150438,"02","2020"
"PR17F0002",0.0318372264480049,"02","2020"
"PR17F0003",0.0297865433000568,"02","2020"
"PR17F0035",0.0332398266530003,"02","2020"
"PR18F0018",0.0320377209652551,"02","2020"
"PR18U0002",0.0422584746909071,"02","2020"
"PR18F0029",0.0499901098703494,"02","2020"
"PR18F0006",0.0310851391932473,"02","2020"
"PR18M0001",0.0354588823057292,"02","2020"
"PR18F0012",0.0446121797473149,"02","2020"
"PR19M0012",0.0144288432576721,"02","2020"
"PR18F0019",0.0468702235169301,"02","2020"
"PR18F0007",0.0431659204114294,"02","2020"
"PR18F0034",0.0383916850982719,"02","2020"
"PR18U0001",0.0297153440866016,"02","2020"
"PR18M0015",0.0434895973818129,"02","2020"
"PR18M0013",0.0278783749865538,"02","2020"
"PR19F0006",0.0515921326732138,"02","2020"
"PR19F0012",0.0161242323404486,"02","2020"
"PR18F0010",0.0449818925024203,"02","2020"
"PR20F0053",0.0217965713461209,"04","2020"
"PR20F0069",0.0206973440506375,"04","2020"
"PR20F0063",0.0217154091027965,"04","2020"
"PR20F0070",0.0205188425544121,"04","2020"
"PR20F0064",0,"04","2020"
"PR20F0073",0.0217379612033418,"04","2020"
"PR20F0059",0.0240871502132763,"04","2020"
"PR20M0015",0.0208501915088741,"04","2020"
"PR20F0061",0,"04","2020"
"PR20F0055",0,"04","2020"
"PR20F0060",0.0185125245005485,"04","2020"
"PR20F0062",0.0182338026649404,"04","2020"
"PR20M0013",0.0200050349750949,"04","2020"
"PR20F0071",0.018207396585775,"04","2020"
"PR20M0016",0.0183956411501322,"04","2020"
"PR20F0074",0.0179910449371527,"04","2020"
"PR20F0052",0.0182338026649404,"04","2020"
"PR20F0072",0.0217672762582942,"04","2020"
"PR20M0011",0.0182615047479912,"04","2020"
"PR20F0066",0.0230260200320081,"04","2020"
"PR20M0014",0,"04","2020"
"PR20F0056",0.0184765603927281,"04","2020"
"PR20F0054",0.018018018018018,"04","2020"
"PR20F0058",0,"04","2020"
"PR20F0051",0.0292364436508581,"04","2020"
"PR20F0050",0.0449641258024492,"04","2020"
"PR20F0013",0.040229418607797,"04","2020"
"PR20F0014",0.0194428662897131,"04","2020"
"PR20F0001",0.0401843284726168,"04","2020"
"PR20M0008",0.042950135764507,"04","2020"
"PR20F0011",0.0263146028911795,"04","2020"
"PR20F0002",0.0499749004984044,"04","2020"
"PR20F0005",0.044316771861682,"04","2020"
"PR20F0008",0.0499721278164392,"04","2020"
"PR20F0007",0.0361709014403625,"04","2020"
"PR20M0004",0.0436562688814941,"04","2020"
"PR20M0002",0.0228821636007265,"04","2020"
"PR20F0006",0.0257013770527284,"04","2020"
"PR20M0005",0.0254895614177051,"04","2020"
"PR20F0004",0.0266494038949129,"04","2020"
"PR20M0007",0.0206164248080416,"04","2020"
"PR20F0017",0.0389578767957146,"04","2020"
"PR20M0001",0.0192587797378217,"04","2020"
"PR20F0018",0.0354859363868373,"04","2020"
"PR20F0015",0.0121378863893834,"04","2020"
"PR20M0006",0.0235205265145385,"04","2020"
"PR20F0021",0.00645555735376095,"04","2020"
"PR20F0024",0.0449007566124683,"04","2020"
"PR20F0030",0.0465330195059925,"04","2020"
"PR20F0020",0.0237902573231915,"04","2020"
"PR20F0023",0,"04","2020"
"PR20F0031",0,"04","2020"
"PR20F0033",0.046501591411771,"04","2020"
"PR20F0026",0.044856233478988,"04","2020"
"PR20U0003",0.0207602812393232,"04","2020"
"PR20F0041",0.0261162062963865,"04","2020"
"PR20F0039",0.0189590878123992,"04","2020"
"PR20F0037",0.0284338392446501,"04","2020"
"PR20F0038",0.0315315315315315,"04","2020"
"PR20F0049",0.0348456564672781,"04","2020"
"PR20F0036",0.0207602812393232,"04","2020"
"PR20F0045",0.0408065723381039,"04","2020"
"PR20F0035",0.00426174677671684,"04","2020"
"PR20M0009",0.0395891386882378,"04","2020"
"PR20F0044",0.021253899386855,"04","2020"
"PR20F0034",0.0252737767707828,"04","2020"
"PR20M0010",0.0309082433934526,"04","2020"
"PR20F0043",0.021408796183571,"04","2020"
"PR20F0025",0.0465330195059925,"04","2020"
"PR20F0022",0.0466773079385692,"04","2020"
"PR19M0013",0.0466274657891424,"04","2020"
"PR19F0031",0.0985399814228643,"04","2020"
"PR19F0029",0.00837774711648586,"04","2020"
"PR19F0012",0.00450901351802253,"04","2020"
"PR19F0025",0.00635770906041176,"04","2020"
"PR19F0027",0.0074669263858453,"04","2020"
"PR19F0009",0.010245975115637,"04","2020"
"PR19F0028",0.0109839569299029,"04","2020"
"PR19F0008",0.010645375914837,"04","2020"
"PR19F0021",0.0102264426588751,"04","2020"
"PR19M0008",0.0111462814165517,"04","2020"
"PR19F0026",0.0144558973387802,"04","2020"
"PR19F0022",0.0144288432576721,"04","2020"
"PR19M0005",0.0155290425560696,"04","2020"
"PR19F0020",0.00749851648055241,"04","2020"
"PR19M0004",0.00744457031882182,"04","2020"
"PR19F0018",0.0144558973387802,"04","2020"
"PR19F0016",0.0107712502922084,"04","2020"
"PR19M0007",0.0128931326536117,"04","2020"
"PR19F0032",0.0110706730252071,"04","2020"
"PR19F0003",0.0296703889518261,"04","2020"
"PR19F0006",0.0316074437950446,"04","2020"
"PR19F0007",0.00910820730640551,"04","2020"
"PR19F0002",0.0448202693711676,"04","2020"
"PR19M0001",0.0377043710377044,"04","2020"
"PR18M0011",0.0395317150130876,"04","2020"
"PR18F0022",0.0453787120453787,"04","2020"
"PR18M0010",0.0476602728854981,"04","2020"
"PR18F0027",0.0402129871992542,"04","2020"
"PR18F0030",0.0476963449936423,"04","2020"
"PR18F0021",0.0390570210929492,"04","2020"
"PR18M0012",0.0472928017838197,"04","2020"
"PR18M0013",0.0296963630296964,"04","2020"
"PR18F0023",0.0538023052993113,"04","2020"
"PR18F0020",0.0440830051608495,"04","2020"
"PR18F0002",0.0586035136933341,"04","2020"
"PR18F0014",0.0314007701395089,"04","2020"
"PR18M0001",0.0348582115049181,"04","2020"
"PR18F0005",0.0352785217650083,"04","2020"
"PR18M0006",0.0434939443948453,"04","2020"
"PR18F0010",0.0206712323855283,"04","2020"
"PR18M0008",0.0326374278470087,"04","2020"
"PR17M0022",0.0183943490264979,"04","2020"
"PR17M0023",0.0172827996701208,"04","2020"
"PR17F0032",0.0175145205085325,"04","2020"
"PR17M0032",0.0311572834095357,"04","2020"
"PR17M0030",0.0230049869689509,"04","2020"
"PR17F0035",0.0324648973297622,"04","2020"
"PR17M0024",0.0216414018809228,"04","2020"
"PR17M0028",0.0447835222609997,"04","2020"
"PR17F0034",0.0248356464572681,"04","2020"
"PR17U0007",0.0223427019834205,"04","2020"
"PR17M0017",0.0320979662297028,"04","2020"
"PR17F0026",0.0235821406992578,"04","2020"
"PR17F0017",0.0311031752473194,"04","2020"
"PR17F0008",0.0346021697373049,"04","2020"
"PR17U0001",0.0247364481598716,"04","2020"
"PR17F0018",0.0312040589479723,"04","2020"
"PR17M0011",0.0197892503281725,"04","2020"
"PR17F0020",0.0223737250764278,"04","2020"
"PR17U0004",0.0325565086044128,"04","2020"
"PR17F0037",0.038850227472982,"04","2020"
"PR17M0003",0.0246983510456564,"04","2020"
"PR17F0024",0.0538286033781529,"04","2020"
"PR17M0006",0.0288611965258672,"04","2020"
"PR17F0011",0.0454688923157392,"04","2020"
"PR17M0014",0.0313917521124728,"04","2020"
"PR17F0015",0.0493917340764188,"04","2020"
"PR17M0005",0.0425019614208803,"04","2020"
"PR17M0012",0.0484628772917061,"04","2020"
"PR17F0004",0.0227113340885796,"04","2020"
"PR17F0012",0.0208677145614083,"04","2020"
"PR17F0002",0.0238801675927424,"04","2020"
"PR17F0003",0.0231249213285141,"04","2020"
"PR20F0016",0.0121378863893834,"04","2020"
"PR19F0023",0.0110229990469511,"04","2020"
"PR17F0009",0.0218596975353732,"04","2020"
"PR20F0068",0.016735989099645,"04","2020"
"PR20F0009",0.0112589192871742,"04","2020"
"PR19F0033",0.0130941752563374,"04","2020"
"PR18F0018",0.0333477189764615,"04","2020"
"PR19M0003",0.0439448457466475,"04","2020"
"PR19F0011",0.0172537807268346,"04","2020"
"PR18F0025",0.0304958944386676,"04","2020"
"PR18M0015",0.0267113960807655,"04","2020"
"PR18F0019",0.0357213500926076,"04","2020"
"PR19M0011",0.0161209113304922,"04","2020"
"PR18F0006",0.0281688874503246,"04","2020"
"PR18U0002",0.0338987636284934,"04","2020"
"PR18F0034",0.0315315315315315,"04","2020"
"PR19M0012",0.0124166082249915,"04","2020"
"PR18M0003",0.038633227822417,"04","2020"
"PR18F0007",0.0512765017269522,"04","2020"
"PR18F0029",0.0484256711801622,"04","2020"
"PR20F0053",0.0173616730502958,"07","2020"
"PR20F0069",0.00308392224559889,"07","2020"
"PR20F0063",0.00789979168357547,"07","2020"
"PR20F0070",0.0210929492366618,"07","2020"
"PR20F0064",0,"07","2020"
"PR20F0073",0.0173867561254949,"07","2020"
"PR20F0059",0.0175954397511284,"07","2020"
"PR20M0015",0,"07","2020"
"PR20F0061",0,"07","2020"
"PR20F0055",0,"07","2020"
"PR20F0060",0,"07","2020"
"PR20M0013",0.0198486775063352,"07","2020"
"PR20F0071",0.0184328472616761,"07","2020"
"PR20M0016",0,"07","2020"
"PR20F0074",0.00541983424866308,"07","2020"
"PR20F0052",0.00347952743162324,"07","2020"
"PR20F0072",0.0298135973811649,"07","2020"
"PR20M0011",0.0177474772069367,"07","2020"
"PR20F0066",0.0319147976805634,"07","2020"
"PR20F0068",0.0114995234755714,"07","2020"
"PR20F0056",0.0031022013003995,"07","2020"
"PR20F0054",0.0182068295840751,"07","2020"
"PR20F0058",0,"07","2020"
"PR20F0051",0.0465240014789564,"07","2020"
"PR20F0050",0.0472677399691635,"07","2020"
"PR20F0013",0.0434131736526946,"07","2020"
"PR20F0014",0.0210661111562012,"07","2020"
"PR20F0001",0.0427725022319617,"07","2020"
"PR20M0008",0.036764309219399,"07","2020"
"PR20F0011",0.0248897546194843,"07","2020"
"PR20F0002",0.0453516579642706,"07","2020"
"PR20F0005",0.0507368496539854,"07","2020"
"PR20F0008",0.0375871366862358,"07","2020"
"PR20M0004",0.0431332233134035,"07","2020"
"PR20M0002",0.0319091546636457,"07","2020"
"PR20F0006",0.0340701061421782,"07","2020"
"PR20M0005",0.0375375375375375,"07","2020"
"PR20F0004",0.0232935638341044,"07","2020"
"PR20F0009",0.0332494656818981,"07","2020"
"PR20M0007",0.0193346499652806,"07","2020"
"PR20F0016",0.0332030549679085,"07","2020"
"PR20F0017",0.0434895973818129,"07","2020"
"PR20M0001",0.0232304376448521,"07","2020"
"PR20F0018",0.0425560695830966,"07","2020"
"PR20F0015",0.0165477428376779,"07","2020"
"PR20M0006",0.0232507957058855,"07","2020"
"PR20F0021",0.00123177069284854,"07","2020"
"PR20F0024",0,"07","2020"
"PR20F0030",0.0472815157499842,"07","2020"
"PR20F0023",0,"07","2020"
"PR20F0031",0,"07","2020"
"PR20F0033",0.0541171802433064,"07","2020"
"PR20F0026",0,"07","2020"
"PR20U0003",0.0148617085554022,"07","2020"
"PR20F0041",0.046132959306612,"07","2020"
"PR20F0039",0.0269278287296305,"07","2020"
"PR20F0037",0.0180811442072703,"07","2020"
"PR20F0038",0.0372767977558397,"07","2020"
"PR20F0049",0.0304885724047401,"07","2020"
"PR20F0036",0.0198431964899031,"07","2020"
"PR20F0045",0.0435075794357231,"07","2020"
"PR20F0035",0,"07","2020"
"PR20M0009",0.0387693082303861,"07","2020"
"PR20F0044",0.0349840858822895,"07","2020"
"PR20F0034",0.0224639053467882,"07","2020"
"PR20M0010",0.0259121396845948,"07","2020"
"PR20F0043",0.0351252153053955,"07","2020"
"PR20F0025",0.0541709374044703,"07","2020"
"PR20F0022",0.014618221825429,"07","2020"
"PR19M0013",0.0453426399372345,"07","2020"
"PR19F0031",0.0779067355643932,"07","2020"
"PR19F0029",0.0127334541748956,"07","2020"
"PR19F0027",0.0106903310496125,"07","2020"
"PR19F0009",0.0128186740291871,"07","2020"
"PR19F0028",0.0109899960557926,"07","2020"
"PR19F0008",0.0112140987486106,"07","2020"
"PR19F0023",0.0109929749569389,"07","2020"
"PR19M0008",0.0103797491184879,"07","2020"
"PR19F0026",0.0159410907913902,"07","2020"
"PR19F0022",0.0146633119606093,"07","2020"
"PR19M0005",0.0155185125245005,"07","2020"
"PR19F0020",0.0121468774163385,"07","2020"
"PR19M0004",0.0120299940659222,"07","2020"
"PR19F0018",0.015005996987979,"07","2020"
"PR19F0016",0.0112364616869121,"07","2020"
"PR19M0007",0.0129679228778328,"07","2020"
"PR19F0032",0.0162108216000432,"07","2020"
"PR19F0003",0.0323566810053297,"07","2020"
"PR19F0007",0.00931562192823454,"07","2020"
"PR19F0002",0.0472478466490443,"07","2020"
"PR18M0010",0.0534227921615309,"07","2020"
"PR18F0030",0.040824608392176,"07","2020"
"PR18M0012",0.0559748938127317,"07","2020"
"PR18F0002",0.0392193995797599,"07","2020"
"PR18F0014",0.0588552624480768,"07","2020"
"PR18F0005",0.0490605615117071,"07","2020"
"PR18M0006",0.0420510330689971,"07","2020"
"PR17M0022",0.020011001992984,"07","2020"
"PR17M0023",0.0162557767348186,"07","2020"
"PR17F0032",0.0286502718935151,"07","2020"
"PR17M0032",0.0321901107963713,"07","2020"
"PR17M0030",0.0304690021155294,"07","2020"
"PR17F0035",0.0417813022603442,"07","2020"
"PR17M0024",0.0235666391767363,"07","2020"
"PR17M0028",0.0434985884087681,"07","2020"
"PR17F0034",0.0388496604712821,"07","2020"
"PR17U0007",0.0306883460036613,"07","2020"
"PR17M0017",0.0321853384916448,"07","2020"
"PR17F0017",0.027116937296578,"07","2020"
"PR17F0008",0.0398482314649979,"07","2020"
"PR17U0001",0.0299760838682994,"07","2020"
"PR17F0018",0.0354082254652372,"07","2020"
"PR17M0011",0.0187373001744259,"07","2020"
"PR17F0020",0.0313376439502566,"07","2020"
"PR17U0004",0.0327354381408435,"07","2020"
"PR17F0037",0.0431061692322954,"07","2020"
"PR17M0003",0.0186582979375772,"07","2020"
"PR17F0024",0.0595475715236194,"07","2020"
"PR17M0006",0.031418806193581,"07","2020"
"PR17F0011",0.0523676829983136,"07","2020"
"PR17F0009",0.0198252144359929,"07","2020"
"PR17M0014",0.0332494656818981,"07","2020"
"PR17M0005",0.0428422434410458,"07","2020"
"PR17M0012",0.0439989539088638,"07","2020"
"PR17F0004",0.0287224161098035,"07","2020"
"PR17F0012",0.0191903615327039,"07","2020"
"PR17F0002",0.0257464671879086,"07","2020"
"PR17F0003",0.0257735212690168,"07","2020"
"PR20F0020",0.0304538773007241,"07","2020"
"PR17F0026",0.0257323191454928,"07","2020"
"PR19F0021",0.0116963810657504,"07","2020"
"PR19F0033",0.0418082753412095,"07","2020"
"PR19M0001",0.0324576073079067,"07","2020"
"PR18F0022",0.0480570390750031,"07","2020"
"PR20F0053",0.0214525903148658,"11","2020"
"PR20F0069",0.0214525903148658,"11","2020"
"PR20F0070",0.0347194040887735,"11","2020"
"PR20F0064",0,"11","2020"
"PR20F0073",0.0213907601294989,"11","2020"
"PR20F0059",0.0215964467461473,"11","2020"
"PR20M0015",0.0213456699943186,"11","2020"
"PR20F0060",0.0220580941301662,"11","2020"
"PR20M0013",0.0198847496144793,"11","2020"
"PR20F0071",0.0177399691634695,"11","2020"
"PR20F0074",0.0177835493150808,"11","2020"
"PR20F0052",0,"11","2020"
"PR20F0072",0.0195195195195195,"11","2020"
"PR20M0011",0.0214421456488221,"11","2020"
"PR20F0066",0.017838197478916,"11","2020"
"PR20F0068",0.0213716710722699,"11","2020"
"PR20F0056",0.021426832237643,"11","2020"
"PR20F0054",0.01773929618241,"11","2020"
"PR20F0051",0.0323837350864378,"11","2020"
"PR20F0013",0.0421322223124025,"11","2020"
"PR20F0014",0.0138012263760767,"11","2020"
"PR20F0001",0.0316034597471723,"11","2020"
"PR20M0008",0.0315135494776213,"11","2020"
"PR20F0011",0.0212735257780303,"11","2020"
"PR20F0002",0.0453516579642706,"11","2020"
"PR20F0005",0.0371452533614696,"11","2020"
"PR20F0008",0.0402887917857978,"11","2020"
"PR20M0002",0.0393276159041925,"11","2020"
"PR20F0006",0.0207243171315028,"11","2020"
"PR20F0009",0.0476873269666062,"11","2020"
"PR20M0007",0.0213716710722699,"11","2020"
"PR20F0016",0.0421940550037649,"11","2020"
"PR20F0017",0.0439661218104332,"11","2020"
"PR20M0001",0.0210566890171752,"11","2020"
"PR20F0018",0.0421322223124025,"11","2020"
"PR20F0015",0.0867444020597174,"11","2020"
"PR20U0003",0.0263077448706191,"11","2020"
"PR19M0013",0.0477775072369667,"11","2020"
"PR19F0031",0.0295881467052638,"11","2020"
"PR19F0029",0.0167862473251695,"11","2020"
"PR19F0027",0.0105644566722411,"11","2020"
"PR19F0009",0.0106004207800615,"11","2020"
"PR19F0028",0.0106412719025332,"11","2020"
"PR19F0008",0.00939562316807826,"11","2020"
"PR19F0023",0.0109208307406506,"11","2020"
"PR19M0008",0.0106004207800615,"11","2020"
"PR19F0026",0.0151858445271619,"11","2020"
"PR19F0022",0.0155994317670964,"11","2020"
"PR19F0020",0.0102805508210914,"11","2020"
"PR19M0004",0.0107300369321238,"11","2020"
"PR19F0018",0.0157792523061984,"11","2020"
"PR19F0016",0.0083436730143317,"11","2020"
"PR19M0007",0.0109839569299029,"11","2020"
"PR19F0032",0.0157995833671509,"11","2020"
"PR19F0003",0.029227425623822,"11","2020"
"PR19F0002",0.0484087691294899,"11","2020"
"PR18M0010",0.0414845983708259,"11","2020"
"PR18F0030",0.0430069709348989,"11","2020"
"PR18F0014",0.0373756990523458,"11","2020"
"PR18M0006",0.0416104727481973,"11","2020"
"PR17M0022",0.0234126341910773,"11","2020"
"PR17M0023",0.0157815473130788,"11","2020"
"PR17F0032",0.0243847451054658,"11","2020"
"PR17F0035",0.0362149951593818,"11","2020"
"PR17M0024",0.021219417615814,"11","2020"
"PR17M0028",0.0404056751362141,"11","2020"
"PR17F0034",0.0276294258330186,"11","2020"
"PR17U0007",0.0336354318390247,"11","2020"
"PR17M0017",0.0238082393771017,"11","2020"
"PR17F0026",0.0320530110949273,"11","2020"
"PR17F0008",0.0360989732247217,"11","2020"
"PR17U0001",0.023627230834438,"11","2020"
"PR17F0018",0.0329699068437807,"11","2020"
"PR17M0011",0.0234126341910773,"11","2020"
"PR17F0020",0.029624218813408,"11","2020"
"PR17M0003",0.0248753989027932,"11","2020"
"PR17F0024",0.0315135494776213,"11","2020"
"PR17F0011",0.0458747035323612,"11","2020"
"PR17F0009",0.01632364014486,"11","2020"
"PR17M0014",0.0320049779509239,"11","2020"
"PR17M0005",0.0469601337864811,"11","2020"
"PR17F0004",0.0286863440016593,"11","2020"
"PR17F0012",0.0162324486648811,"11","2020"
"PR17F0002",0.0158987816645474,"11","2020"
"PR17F0003",0.0233766700832569,"11","2020"
"PR20F0020",0.0324306342270414,"11","2020"
"PR20F0021",0.0444516372660085,"11","2020"
"PR20F0022",0.0324306342270414,"11","2020"
"PR20F0023",0.0391292193093995,"11","2020"
"PR20F0024",0.055641226812398,"11","2020"
"PR20F0025",0.039228417606796,"11","2020"
"PR20F0026",0.0551452353254155,"11","2020"
"PR20F0030",0.0391292193093995,"11","2020"
"PR20F0031",0.0551452353254155,"11","2020"
"PR20F0033",0.0393537249824675,"11","2020"
"PR20F0034",0.03041780519258,"11","2020"
"PR20F0035",0.0239880599162036,"11","2020"
"PR20F0036",0.0261124457671483,"11","2020"
"PR20F0037",0.0285781276772268,"11","2020"
"PR20F0038",0.0256424088759418,"11","2020"
"PR20F0039",0.0218687155624093,"11","2020"
"PR20F0041",0.0455139824509194,"11","2020"
"PR20F0043",0.0307493121864379,"11","2020"
"PR20F0044",0.0346064627501753,"11","2020"
"PR20F0045",0.0221663104545987,"11","2020"
"PR20F0049",0.0340580101059143,"11","2020"
"PR20M0009",0.0311031752473194,"11","2020"
"PR18F0022",0.0348222473970977,"11","2020"
"PR18F0005",0.0375600826051277,"11","2020"
