"ID","m_PDSI","month","year"
"PR17M0002",-2.6140090002628,"02","2018"
"PR17M0007",-2.48856780423599,"02","2018"
"PR17M0006",-2.87769695308032,"02","2018"
"PR17M0005",-2.5353689033125,"02","2018"
"PR17M0031",-2.61283535773152,"02","2018"
"PR17M0016",-2.69628171971066,"02","2018"
"PR17M0022",-2.61304054642192,"02","2018"
"PR17M0023",-2.41035844606552,"02","2018"
"PR17F0032",-2.62334947531491,"02","2018"
"PR17M0032",-2.8569567577006,"02","2018"
"PR17M0029",-2.83680241108927,"02","2018"
"PR17M0026",-2.61271272355463,"02","2018"
"PR17M0019",-2.61270002558352,"02","2018"
"PR17M0025",-2.85673625423261,"02","2018"
"PR17M0027",-2.61602371290453,"02","2018"
"PR17M0030",-2.87765412731443,"02","2018"
"PR17M0018",-2.61249590214793,"02","2018"
"PR17F0035",-2.59031670374055,"02","2018"
"PR17M0024",-2.61271272355463,"02","2018"
"PR17F0031",-2.86119801472297,"02","2018"
"PR17M0028",-2.85743601731181,"02","2018"
"PR17M0021",-2.64632617501015,"02","2018"
"PR17U0007",-2.85752918055249,"02","2018"
"PR17M0017",-2.61304054642192,"02","2018"
"PR17F0023",-2.77329112517039,"02","2018"
"PR17F0026",-2.87975563463238,"02","2018"
"PR17F0008",-2.85560099225157,"02","2018"
"PR17U0001",-2.87839812744404,"02","2018"
"PR17F0018",-2.85792572084901,"02","2018"
"PR17M0011",-2.61205945857435,"02","2018"
"PR17F0027",-2.82536851695033,"02","2018"
"PR17F0019",-2.62205448657534,"02","2018"
"PR17F0020",-2.68042141279686,"02","2018"
"PR17U0004",-2.85392515381909,"02","2018"
"PR17F0022",-2.47957905918133,"02","2018"
"PR17F0037",-2.48129262352446,"02","2018"
"PR17M0003",-2.85974453390368,"02","2018"
"PR17F0024",-2.48122547918332,"02","2018"
"PR17M0001",-2.41063433786403,"02","2018"
"PR17M0010",-2.54643989068693,"02","2018"
"PR17M0008",-2.53429967025615,"02","2018"
"PR17F0036",-2.54612680176142,"02","2018"
"PR17M0033",-2.53493382711205,"02","2018"
"PR17M0013",-2.55149249472231,"02","2018"
"PR17F0013",-2.59136815604526,"02","2018"
"PR17M0015",-2.53641975594164,"02","2018"
"PR17F0014",-2.53391316573228,"02","2018"
"PR17F0006",-2.53576901357013,"02","2018"
"PR17F0007",-2.55811355365304,"02","2018"
"PR17F0009",-2.48026211195325,"02","2018"
"PR17M0014",-2.85669378805931,"02","2018"
"PR17M0034",-2.55811355365304,"02","2018"
"PR17F0015",-2.47910761292235,"02","2018"
"PR17M0009",-2.49669567102564,"02","2018"
"PR17M0012",-2.53390153165289,"02","2018"
"PR17F0004",-2.68033022307863,"02","2018"
"PR17F0010",-2.40966884983812,"02","2018"
"PR17F0005",-2.48584770420989,"02","2018"
"PR17F0012",-2.48159328834383,"02","2018"
"PR17M0004",-2.48581378017598,"02","2018"
"PR17F0001",-2.53429967025615,"02","2018"
"PR17F0002",-2.48129262352446,"02","2018"
"PR17F0003",-2.47806538130584,"02","2018"
"PR17F0033",-2.87975563463238,"02","2018"
"PR17F0034",-2.85427667074868,"02","2018"
"PR17F0011",-2.53391316573228,"02","2018"
"PR17F0017",-2.62164831472398,"02","2018"
"PR17M0002",-3.15871560708709,"04","2018"
"PR17M0007",-2.92107067866568,"04","2018"
"PR17M0006",-3.1861083349531,"04","2018"
"PR17M0005",-2.74730144531669,"04","2018"
"PR17M0031",-2.65450306525517,"04","2018"
"PR17M0016",-3.32033895937116,"04","2018"
"PR17M0022",-3.05864424247498,"04","2018"
"PR17M0023",-2.84705354622799,"04","2018"
"PR17F0032",-3.35409140105453,"04","2018"
"PR17M0032",-3.23896724759629,"04","2018"
"PR17M0029",-3.18410682045852,"04","2018"
"PR17M0026",-3.01888380004304,"04","2018"
"PR17F0033",-3.0648683778108,"04","2018"
"PR17M0019",-3.28237220962861,"04","2018"
"PR17M0025",-3.18451531280948,"04","2018"
"PR17M0027",-3.04443556129831,"04","2018"
"PR17M0030",-2.94020928092558,"04","2018"
"PR17M0018",-2.95395682629169,"04","2018"
"PR17F0035",-3.02535995097023,"04","2018"
"PR17F0031",-3.30151291294714,"04","2018"
"PR17M0028",-3.41684738835263,"04","2018"
"PR17F0034",-3.30613573084193,"04","2018"
"PR17M0021",-3.33208674715808,"04","2018"
"PR17U0007",-3.41183622664361,"04","2018"
"PR17M0017",-3.25904216588891,"04","2018"
"PR17F0023",-3.23447161254931,"04","2018"
"PR17F0026",-3.32788020763924,"04","2018"
"PR17F0017",-2.92270360552939,"04","2018"
"PR17F0008",-3.05066136173276,"04","2018"
"PR17U0001",-3.26880767256437,"04","2018"
"PR17F0018",-3.49640353429607,"04","2018"
"PR17M0011",-2.95371824746159,"04","2018"
"PR17F0027",-3.23244493385792,"04","2018"
"PR17F0019",-3.30557026641341,"04","2018"
"PR17F0020",-2.92540347556634,"04","2018"
"PR17U0004",-3.2378395783775,"04","2018"
"PR17F0022",-3.19852889123688,"04","2018"
"PR17F0037",-2.83842867109408,"04","2018"
"PR17M0003",-2.88604312032572,"04","2018"
"PR17F0024",-3.21268537978461,"04","2018"
"PR17M0001",-2.83237298059838,"04","2018"
"PR17M0010",-2.82758354441055,"04","2018"
"PR17M0008",-2.89131714536382,"04","2018"
"PR17F0036",-2.9073574736033,"04","2018"
"PR17M0033",-3.18084068520077,"04","2018"
"PR17M0013",-2.81237530143038,"04","2018"
"PR17F0013",-3.0222798061839,"04","2018"
"PR17M0015",-3.26164008336745,"04","2018"
"PR17F0014",-2.77113409717866,"04","2018"
"PR17F0006",-2.80726713120418,"04","2018"
"PR17F0011",-2.80668093144622,"04","2018"
"PR17F0009",-2.78353627669851,"04","2018"
"PR17M0014",-3.17454751313465,"04","2018"
"PR17M0034",-2.63556812479466,"04","2018"
"PR17F0015",-2.7137940453136,"04","2018"
"PR17M0009",-2.54374554547945,"04","2018"
"PR17M0012",-3.12888834430211,"04","2018"
"PR17F0004",-2.97937425263795,"04","2018"
"PR17F0010",-2.79558404770467,"04","2018"
"PR17F0005",-2.75249361019408,"04","2018"
"PR17F0012",-3.0487283476535,"04","2018"
"PR17M0004",-2.90184509893088,"04","2018"
"PR17F0001",-2.64967138854574,"04","2018"
"PR17F0002",-2.90655973926059,"04","2018"
"PR17M0024",-3.11155918557429,"04","2018"
"PR17F0007",-2.66063970016015,"04","2018"
"PR17F0003",-2.92389669027509,"04","2018"
"PR17M0002",-4.21710263889503,"07","2018"
"PR17M0007",-4.21806404493832,"07","2018"
"PR17M0006",-4.6852390837741,"07","2018"
"PR17M0005",-4.53479573094541,"07","2018"
"PR17M0031",-4.09566089367105,"07","2018"
"PR17M0016",-4.53546907085428,"07","2018"
"PR17M0022",-4.43260015728117,"07","2018"
"PR17M0023",-4.0605860113144,"07","2018"
"PR17F0032",-4.46314301413141,"07","2018"
"PR17M0032",-4.94095353747198,"07","2018"
"PR17M0029",-4.43843660540036,"07","2018"
"PR17M0026",-4.18415945900222,"07","2018"
"PR17F0033",-5.12683192588532,"07","2018"
"PR17M0019",-4.44579997440794,"07","2018"
"PR17M0025",-4.51673415657749,"07","2018"
"PR17M0027",-4.13637938822453,"07","2018"
"PR17M0030",-4.37072531078919,"07","2018"
"PR17M0018",-4.05350532479836,"07","2018"
"PR17F0035",-5.12595722375174,"07","2018"
"PR17M0024",-4.35758603087778,"07","2018"
"PR17F0031",-4.45084086331943,"07","2018"
"PR17M0028",-4.91936279121309,"07","2018"
"PR17F0034",-4.37466082218047,"07","2018"
"PR17M0021",-4.43535120786252,"07","2018"
"PR17U0007",-4.63731514647143,"07","2018"
"PR17M0017",-4.53108434845527,"07","2018"
"PR17F0023",-4.1768898808027,"07","2018"
"PR17F0026",-4.49072151099966,"07","2018"
"PR17F0017",-4.28118013802298,"07","2018"
"PR17F0008",-5.203081560453,"07","2018"
"PR17U0001",-4.60705601577446,"07","2018"
"PR17F0018",-5.20733556881687,"07","2018"
"PR17M0011",-4.00530520263139,"07","2018"
"PR17F0027",-4.94099771579257,"07","2018"
"PR17F0019",-4.53878775964019,"07","2018"
"PR17F0020",-4.83184427570309,"07","2018"
"PR17U0004",-4.84042774442738,"07","2018"
"PR17F0037",-3.9942178294834,"07","2018"
"PR17M0003",-3.99890280903627,"07","2018"
"PR17F0024",-4.38444337622618,"07","2018"
"PR17M0001",-3.83964791590689,"07","2018"
"PR17M0010",-3.89999075047243,"07","2018"
"PR17M0008",-4.23886314187807,"07","2018"
"PR17F0036",-3.59629759712917,"07","2018"
"PR17M0033",-4.64200541677029,"07","2018"
"PR17M0013",-4.42585690017709,"07","2018"
"PR17F0013",-4.38262626943478,"07","2018"
"PR17M0015",-4.54022524645417,"07","2018"
"PR17F0014",-3.936203242333,"07","2018"
"PR17F0006",-3.70602087211117,"07","2018"
"PR17F0011",-3.65127151646625,"07","2018"
"PR17F0009",-4.00942863506746,"07","2018"
"PR17M0014",-4.45442435138679,"07","2018"
"PR17M0034",-3.92521810171487,"07","2018"
"PR17F0015",-3.90880692780364,"07","2018"
"PR17M0009",-3.59550287846761,"07","2018"
"PR17M0012",-4.44120755044449,"07","2018"
"PR17F0004",-4.48464410381036,"07","2018"
"PR17F0010",-3.58957778422719,"07","2018"
"PR17F0005",-3.65180688547485,"07","2018"
"PR17F0012",-4.31197962523859,"07","2018"
"PR17M0004",-3.88328541133697,"07","2018"
"PR17F0001",-3.99573887812753,"07","2018"
"PR17F0002",-4.18813843344989,"07","2018"
"PR17F0003",-4.56354045440052,"07","2018"
"PR17M0002",-3.42394193821871,"11","2018"
"PR17M0007",-3.32608470079599,"11","2018"
"PR17M0006",-3.73084044049475,"11","2018"
"PR17M0005",-3.17800864078828,"11","2018"
"PR17M0022",-3.63659231839668,"11","2018"
"PR17M0023",-2.87207978077998,"11","2018"
"PR17F0032",-3.43277532463011,"11","2018"
"PR17M0032",-3.7132204767763,"11","2018"
"PR17M0029",-3.42285472711788,"11","2018"
"PR17M0026",-3.61487462827953,"11","2018"
"PR17F0033",-3.88553850543735,"11","2018"
"PR17M0025",-3.64772550308939,"11","2018"
"PR17M0030",-3.42285472711788,"11","2018"
"PR17M0018",-3.41915595589809,"11","2018"
"PR17F0035",-3.61599646994622,"11","2018"
"PR17M0024",-3.41638151857125,"11","2018"
"PR17M0028",-3.71540145312684,"11","2018"
"PR17F0034",-3.42394193821871,"11","2018"
"PR17U0007",-3.88213735055839,"11","2018"
"PR17M0017",-3.41638151857125,"11","2018"
"PR17F0023",-3.67023454849719,"11","2018"
"PR17F0026",-3.43048006519631,"11","2018"
"PR17F0017",-3.67144776873635,"11","2018"
"PR17F0008",-3.784554874294,"11","2018"
"PR17U0001",-3.76673727118609,"11","2018"
"PR17F0018",-3.63620543316944,"11","2018"
"PR17M0011",-3.03590912442819,"11","2018"
"PR17F0027",-3.88180087631825,"11","2018"
"PR17F0020",-3.63728527344222,"11","2018"
"PR17U0004",-3.76666861887305,"11","2018"
"PR17M0003",-3.72377812406447,"11","2018"
"PR17F0024",-2.92661506906175,"11","2018"
"PR17M0001",-3.02485459465907,"11","2018"
"PR17M0008",-3.27435098404195,"11","2018"
"PR17F0036",-3.17580391373829,"11","2018"
"PR17M0013",-3.16368397001469,"11","2018"
"PR17F0013",-3.82087323923175,"11","2018"
"PR17M0015",-3.0958064229944,"11","2018"
"PR17F0014",-3.16509452844223,"11","2018"
"PR17F0006",-3.17580391373829,"11","2018"
"PR17F0011",-3.17805443320928,"11","2018"
"PR17F0009",-2.87020530086969,"11","2018"
"PR17M0014",-3.72981274561814,"11","2018"
"PR17M0034",-3.16420408645155,"11","2018"
"PR17M0009",-2.86862305764751,"11","2018"
"PR17M0012",-3.17744524627552,"11","2018"
"PR17F0004",-3.71363769897665,"11","2018"
"PR17F0010",-2.8668330652387,"11","2018"
"PR17F0005",-2.86985310719581,"11","2018"
"PR17F0012",-2.87207978077998,"11","2018"
"PR17F0002",-3.27605215480938,"11","2018"
"PR17F0003",-3.8804494654645,"11","2018"
"PR17F0037",-3.27588873807559,"11","2018"
"PR17F0015",-3.09796332467798,"11","2018"
"PR17F0019",-3.42437690189899,"11","2018"
"PR18F0008",-1.14757471244038,"02","2019"
"PR17M0002",-2.30456325564263,"02","2019"
"PR17M0007",-2.17049160571252,"02","2019"
"PR17M0006",-2.31240820725004,"02","2019"
"PR17M0005",-2.31460348475442,"02","2019"
"PR18F0033",-1.0754918274169,"02","2019"
"PR18F0034",-1.07140213524855,"02","2019"
"PR18F0032",-1.12313495669762,"02","2019"
"PR18F0025",-1.27085382497634,"02","2019"
"PR18F0024",-1.27094317801394,"02","2019"
"PR18F0019",-1.55273967163973,"02","2019"
"PR18M0015",-1.27186836480077,"02","2019"
"PR18F0029",-0.865419659444256,"02","2019"
"PR18M0011",-1.25420922631294,"02","2019"
"PR18F0022",-1.44568625512282,"02","2019"
"PR18M0010",-1.1673544260308,"02","2019"
"PR18M0014",-1.27121393557309,"02","2019"
"PR18F0027",-1.20021331783532,"02","2019"
"PR18F0030",-1.27293969952127,"02","2019"
"PR18F0021",-1.44833112937366,"02","2019"
"PR18M0012",-1.44031439240413,"02","2019"
"PR18M0013",-1.1502940263475,"02","2019"
"PR18F0026",-1.27266504017674,"02","2019"
"PR18F0023",-1.25608738708787,"02","2019"
"PR18F0028",-1.23960047932169,"02","2019"
"PR18F0020",-1.44639648818167,"02","2019"
"PR18F0009",-1.06960548800273,"02","2019"
"PR18F0002",-1.20503579060678,"02","2019"
"PR18M0003",-1.20843435051816,"02","2019"
"PR18F0006",-1.0680811065055,"02","2019"
"PR18U0003",-1.20656411997279,"02","2019"
"PR18F0007",-1.20877318060205,"02","2019"
"PR18M0005",-1.07140560212912,"02","2019"
"PR18M0007",-1.01733666225228,"02","2019"
"PR18F0012",-1.07279079933862,"02","2019"
"PR18U0001",-1.20530707907544,"02","2019"
"PR18F0014",-1.0743406546583,"02","2019"
"PR18M0001",-1.06123145095568,"02","2019"
"PR18U0002",-1.20530707907544,"02","2019"
"PR18F0017",-1.0175149543111,"02","2019"
"PR18F0005",-1.06753978083218,"02","2019"
"PR18M0006",-1.16353349963022,"02","2019"
"PR18F0016",-1.07027757729951,"02","2019"
"PR18F0011",-1.06838215292958,"02","2019"
"PR18F0003",-1.05933538658873,"02","2019"
"PR18F0010",-1.20656411997279,"02","2019"
"PR18F0015",-1.07951241633386,"02","2019"
"PR18F0013",-1.0768353590824,"02","2019"
"PR18F0018",-1.00487483605895,"02","2019"
"PR18M0008",-1.01670842255955,"02","2019"
"PR17M0022",-2.30624053399827,"02","2019"
"PR17M0023",-2.16939322482345,"02","2019"
"PR17F0032",-2.30614579169508,"02","2019"
"PR17M0032",-2.29841152505725,"02","2019"
"PR17M0029",-2.31537635244799,"02","2019"
"PR17M0026",-2.37947019593788,"02","2019"
"PR17F0033",-2.30478807100255,"02","2019"
"PR17M0025",-2.30614579169508,"02","2019"
"PR17M0030",-2.30627556304275,"02","2019"
"PR17M0018",-2.31522951520722,"02","2019"
"PR17F0035",-2.38755489079412,"02","2019"
"PR17M0024",-2.31535127687651,"02","2019"
"PR17M0028",-2.29850816921112,"02","2019"
"PR17F0034",-2.3006955554687,"02","2019"
"PR17U0007",-2.31512991087861,"02","2019"
"PR17M0017",-2.31431292287167,"02","2019"
"PR17F0023",-2.32852403010315,"02","2019"
"PR17F0026",-2.30575289456983,"02","2019"
"PR17F0017",-2.3147040611404,"02","2019"
"PR17F0008",-2.38091230573164,"02","2019"
"PR17U0001",-2.29875308434816,"02","2019"
"PR17F0018",-2.30040790049659,"02","2019"
"PR17M0011",-2.17129893402638,"02","2019"
"PR17F0027",-2.38075365099043,"02","2019"
"PR17F0020",-2.32912649275746,"02","2019"
"PR17U0004",-2.29842814935546,"02","2019"
"PR17F0037",-2.17049139007642,"02","2019"
"PR17M0003",-2.38682113604014,"02","2019"
"PR17F0024",-2.17097067730389,"02","2019"
"PR17M0001",-2.2762853831063,"02","2019"
"PR17M0008",-2.31540506241834,"02","2019"
"PR17F0036",-2.31612744085521,"02","2019"
"PR17M0013",-2.31388509330121,"02","2019"
"PR17F0013",-2.38080653590417,"02","2019"
"PR17M0015",-2.31297612781084,"02","2019"
"PR17F0014",-2.3205248836805,"02","2019"
"PR17F0006",-2.31612744085521,"02","2019"
"PR17F0011",-2.31751293503025,"02","2019"
"PR17F0009",-2.22692643764992,"02","2019"
"PR17M0014",-2.30437956621145,"02","2019"
"PR17M0034",-2.31396810453591,"02","2019"
"PR17F0015",-2.31846934804014,"02","2019"
"PR17M0009",-2.22869971976965,"02","2019"
"PR17M0012",-2.31303049626887,"02","2019"
"PR17F0004",-2.29858996025303,"02","2019"
"PR17F0010",-2.22780367541794,"02","2019"
"PR17F0005",-2.22869971976965,"02","2019"
"PR17F0012",-2.22780367541794,"02","2019"
"PR17F0002",-2.16982662836608,"02","2019"
"PR17F0003",-2.1706395348155,"02","2019"
"PR18F0031",-0.882057332479262,"02","2019"
"PR17F0019",-2.31393719569618,"02","2019"
"PR19M0001",-2.4620614518358,"02","2019"
"PR19M0003",-2.4464918144152,"02","2019"
"PR19F0004",-2.40635767021432,"02","2019"
"PR19F0033",-2.41757966020374,"02","2019"
"PR19F0001",-2.46734173258525,"02","2019"
"PR19F0002",-2.40254011404571,"02","2019"
"PR19F0007",-2.38467126727337,"02","2019"
"PR19F0006",-2.39388941301139,"02","2019"
"PR19F0005",-2.37068805391507,"02","2019"
"PR19F0003",-2.37139991307623,"02","2019"
"PR19M0002",-2.36957742946657,"02","2019"
"PR17M0002",0.752332551949952,"04","2019"
"PR17M0007",1.29334995543975,"04","2019"
"PR17M0006",1.04457043499281,"04","2019"
"PR17M0005",0.22504198379527,"04","2019"
"PR19M0002",3.09252785957894,"04","2019"
"PR19F0005",2.35705403087728,"04","2019"
"PR19F0003",1.93926113976745,"04","2019"
"PR19F0006",2.85013267071781,"04","2019"
"PR19F0007",2.98493190502694,"04","2019"
"PR19F0002",2.75425223746986,"04","2019"
"PR19F0033",3.64720259179265,"04","2019"
"PR19M0001",3.07128240347436,"04","2019"
"PR18F0033",1.85912540636321,"04","2019"
"PR18F0034",1.85878439567793,"04","2019"
"PR18F0032",2.70550919449414,"04","2019"
"PR18F0025",2.78876821037566,"04","2019"
"PR18F0024",2.52414755726507,"04","2019"
"PR18F0019",2.6231954118884,"04","2019"
"PR18F0031",2.92997061726892,"04","2019"
"PR18M0015",2.70866997106582,"04","2019"
"PR18F0029",2.72329364593606,"04","2019"
"PR18M0011",2.80820507370093,"04","2019"
"PR18F0022",3.22208722693977,"04","2019"
"PR18M0010",2.33322831879353,"04","2019"
"PR18M0014",2.54015232991669,"04","2019"
"PR18F0027",3.69531535810531,"04","2019"
"PR18F0030",2.31409538668092,"04","2019"
"PR18F0021",2.4875334647762,"04","2019"
"PR18M0012",2.46469820452564,"04","2019"
"PR18M0013",2.83482015496373,"04","2019"
"PR18F0023",2.41215940692168,"04","2019"
"PR18F0028",2.31000162210731,"04","2019"
"PR18F0020",3.14815181755175,"04","2019"
"PR18F0009",2.35410514225844,"04","2019"
"PR18F0002",2.54204902349508,"04","2019"
"PR18M0003",2.57412562848158,"04","2019"
"PR18F0006",2.4689069670058,"04","2019"
"PR18U0003",1.99564854512249,"04","2019"
"PR18F0007",2.72685473281983,"04","2019"
"PR18M0005",1.98681467611082,"04","2019"
"PR18M0007",1.92202728857801,"04","2019"
"PR18F0012",1.88430634672106,"04","2019"
"PR18U0001",2.02528463095291,"04","2019"
"PR18F0014",1.73399805896492,"04","2019"
"PR18M0001",2.55462366921431,"04","2019"
"PR18U0002",2.42437429952673,"04","2019"
"PR18F0017",1.84610133697256,"04","2019"
"PR18F0005",2.47814457563502,"04","2019"
"PR18M0006",2.31660642348617,"04","2019"
"PR18F0011",2.14306370255915,"04","2019"
"PR18F0003",2.5208224797177,"04","2019"
"PR18F0010",2.14971062734648,"04","2019"
"PR18F0015",1.73289752727004,"04","2019"
"PR18F0013",1.86551860877969,"04","2019"
"PR18F0018",1.92020666248147,"04","2019"
"PR18M0008",1.99298498165185,"04","2019"
"PR17M0022",1.27365530644269,"04","2019"
"PR17M0023",0.511784199671715,"04","2019"
"PR17F0032",0.77681199410967,"04","2019"
"PR17M0032",0.744083047236732,"04","2019"
"PR17M0029",0.0441821091043217,"04","2019"
"PR17M0026",-0.193587004850408,"04","2019"
"PR17F0033",0.823383325490133,"04","2019"
"PR17M0030",0.50544290005613,"04","2019"
"PR17M0018",1.5481284963805,"04","2019"
"PR17F0035",0.757407407716697,"04","2019"
"PR17M0024",1.13749528685221,"04","2019"
"PR17M0028",-1.18919899915458,"04","2019"
"PR17F0034",0.49460458690702,"04","2019"
"PR17U0007",0.733372381236196,"04","2019"
"PR17M0017",0.50544290005613,"04","2019"
"PR17F0023",0.0455674831939181,"04","2019"
"PR17F0026",0.66685012307731,"04","2019"
"PR17F0017",0.014459870975853,"04","2019"
"PR17F0008",-0.0971165958120276,"04","2019"
"PR17U0001",0.901221852352261,"04","2019"
"PR17F0018",-0.0967531884038016,"04","2019"
"PR17M0011",1.64570220502731,"04","2019"
"PR17F0027",-0.0392590727411837,"04","2019"
"PR17F0019",0.4681747314521,"04","2019"
"PR17F0020",0.039061412501326,"04","2019"
"PR17U0004",-0.0299175122706612,"04","2019"
"PR17F0037",0.774022430923545,"04","2019"
"PR17M0003",1.0965229040888,"04","2019"
"PR17F0024",1.01969932436083,"04","2019"
"PR17M0008",-0.120491279039736,"04","2019"
"PR17M0013",0.264824257302454,"04","2019"
"PR17F0013",-0.402209115295097,"04","2019"
"PR17M0015",-0.22165150324152,"04","2019"
"PR17F0014",0.0665222891345619,"04","2019"
"PR17F0006",0.105320459263319,"04","2019"
"PR17F0011",0.149620069600393,"04","2019"
"PR17F0009",0.572780034789914,"04","2019"
"PR17M0014",0.349239861927559,"04","2019"
"PR17M0034",0.18476549069392,"04","2019"
"PR17F0015",-0.138098803961665,"04","2019"
"PR17M0009",-1.13702947428118,"04","2019"
"PR17M0012",-0.0837855963649606,"04","2019"
"PR17F0004",0.654633336123686,"04","2019"
"PR17F0010",-0.687705578887146,"04","2019"
"PR17F0005",-1.0385232428789,"04","2019"
"PR17F0012",1.04741994915943,"04","2019"
"PR17F0002",0.175743050065802,"04","2019"
"PR17F0003",1.02961468996273,"04","2019"
"PR17M0001",0.107203017668866,"04","2019"
"PR17F0036",-0.138098803961665,"04","2019"
"PR17M0025",-0.0577425374280948,"04","2019"
"PR18M0002",2.59493920041911,"04","2019"
"PR17M0002",3.14567462991553,"07","2019"
"PR17M0007",2.43043240520618,"07","2019"
"PR17M0006",2.91451605155029,"07","2019"
"PR17M0005",1.51104608446332,"07","2019"
"PR19M0002",3.45899631496936,"07","2019"
"PR19F0005",3.47292328042329,"07","2019"
"PR19F0006",4.34593807557555,"07","2019"
"PR19F0007",3.49128866880353,"07","2019"
"PR19F0002",3.22436750418377,"07","2019"
"PR19F0033",3.41165741407242,"07","2019"
"PR19M0001",3.50294830261393,"07","2019"
"PR18F0033",2.83888830980329,"07","2019"
"PR18F0034",2.84982650626752,"07","2019"
"PR18F0032",3.00620817843401,"07","2019"
"PR18F0025",3.31491077709639,"07","2019"
"PR18F0024",2.80384720007677,"07","2019"
"PR18F0019",2.48745774121945,"07","2019"
"PR18F0031",3.86349519726416,"07","2019"
"PR18M0015",2.68580094341948,"07","2019"
"PR18F0029",3.89105618118607,"07","2019"
"PR18M0011",2.86838577427273,"07","2019"
"PR18F0022",2.49202184022803,"07","2019"
"PR18M0010",2.44529404732565,"07","2019"
"PR18M0014",2.75726558344922,"07","2019"
"PR18F0027",7.93427241157438,"07","2019"
"PR18F0030",2.34039369022983,"07","2019"
"PR18F0021",2.44708563009178,"07","2019"
"PR18M0012",2.69935660857662,"07","2019"
"PR18M0013",3.34910176119553,"07","2019"
"PR18F0023",2.62381923248283,"07","2019"
"PR18F0028",2.95737366478998,"07","2019"
"PR18F0020",2.86938571488953,"07","2019"
"PR18F0002",3.80567426772853,"07","2019"
"PR18M0003",3.78243928354602,"07","2019"
"PR18F0006",3.43059532686009,"07","2019"
"PR18U0003",3.23988016257656,"07","2019"
"PR18F0007",3.33130648398683,"07","2019"
"PR18M0007",2.98297182381077,"07","2019"
"PR18F0012",3.31533624441971,"07","2019"
"PR18U0001",3.42736530879528,"07","2019"
"PR18F0014",2.84920358681133,"07","2019"
"PR18M0001",3.7333954231344,"07","2019"
"PR18U0002",3.52599364723437,"07","2019"
"PR18F0017",2.90230066488876,"07","2019"
"PR18F0005",3.72550236253952,"07","2019"
"PR18M0006",3.74222603450256,"07","2019"
"PR18F0003",3.5332133173793,"07","2019"
"PR18F0010",3.53596256875775,"07","2019"
"PR18F0013",2.97911495473276,"07","2019"
"PR18F0018",3.0153999699822,"07","2019"
"PR18M0008",2.97931927934539,"07","2019"
"PR17M0022",2.83480743287191,"07","2019"
"PR17M0023",2.21246341213228,"07","2019"
"PR17F0032",3.0616589633475,"07","2019"
"PR17M0032",2.79048400970379,"07","2019"
"PR17M0029",3.04842379005882,"07","2019"
"PR17M0026",2.99793505918053,"07","2019"
"PR17M0025",3.14124973189298,"07","2019"
"PR17M0030",2.37259017658867,"07","2019"
"PR17M0018",2.63183540618964,"07","2019"
"PR17F0035",3.05342878755148,"07","2019"
"PR17M0024",2.90053165319083,"07","2019"
"PR17M0028",2.77164529647236,"07","2019"
"PR17F0034",3.10649638660202,"07","2019"
"PR17U0007",3.21990741414356,"07","2019"
"PR17M0017",3.1042296248893,"07","2019"
"PR17F0023",3.05338413402264,"07","2019"
"PR17F0026",3.21990741414356,"07","2019"
"PR17F0017",3.05322185781254,"07","2019"
"PR17F0008",2.76880623985753,"07","2019"
"PR17U0001",3.14124973189298,"07","2019"
"PR17F0018",2.79119737377437,"07","2019"
"PR17M0011",2.65838216956296,"07","2019"
"PR17F0027",2.89856817592048,"07","2019"
"PR17F0019",2.62316720281367,"07","2019"
"PR17F0020",3.14875486865512,"07","2019"
"PR17U0004",3.05433281774861,"07","2019"
"PR17F0037",2.17662891597067,"07","2019"
"PR17M0003",2.72403746243631,"07","2019"
"PR17F0024",1.09493943882804,"07","2019"
"PR17M0001",2.62566860943977,"07","2019"
"PR17M0008",1.4317189364164,"07","2019"
"PR17M0013",1.68211138801655,"07","2019"
"PR17F0013",3.17092978927762,"07","2019"
"PR17M0015",1.34237481795474,"07","2019"
"PR17F0014",1.68202852280202,"07","2019"
"PR17F0006",1.68247497243815,"07","2019"
"PR17F0011",1.68247497243815,"07","2019"
"PR17F0009",2.66481573678888,"07","2019"
"PR17M0014",3.07776017313442,"07","2019"
"PR17M0034",1.61212578209545,"07","2019"
"PR17F0015",2.15578575804032,"07","2019"
"PR17M0009",1.88531406879215,"07","2019"
"PR17M0012",2.16145397040599,"07","2019"
"PR17F0004",3.1845861910389,"07","2019"
"PR17F0010",2.16376391142214,"07","2019"
"PR17F0005",1.74399665470885,"07","2019"
"PR17F0012",2.61956092348919,"07","2019"
"PR17F0002",2.83418988889362,"07","2019"
"PR17F0003",2.74263378734845,"07","2019"
"PR19F0003",3.58522424593524,"07","2019"
"PR18M0004",3.1940605763327,"07","2019"
"PR17M0006",-1.60295725839206,"11","2019"
"PR17M0005",-2.35973774740501,"11","2019"
"PR18M0002",-1.10325034618543,"11","2019"
"PR19F0005",1.40820740927181,"11","2019"
"PR19F0003",1.42828423935105,"11","2019"
"PR19F0006",1.38986584513796,"11","2019"
"PR19F0007",1.49075592614663,"11","2019"
"PR19F0002",1.41557591229075,"11","2019"
"PR19F0033",1.42267062782746,"11","2019"
"PR19M0001",1.42351542473658,"11","2019"
"PR18F0025",-1.75560921402046,"11","2019"
"PR18F0031",0.481669771779866,"11","2019"
"PR18F0029",0.657449735950843,"11","2019"
"PR18M0011",-2.10676453605029,"11","2019"
"PR18F0022",-2.09587915218487,"11","2019"
"PR18F0027",-2.02946676778063,"11","2019"
"PR18F0030",-2.04712662663061,"11","2019"
"PR18F0021",-1.96683063599642,"11","2019"
"PR18M0012",-2.03728009544436,"11","2019"
"PR18F0023",-2.0305669522124,"11","2019"
"PR18F0020",-2.09392835417729,"11","2019"
"PR18F0002",-1.09748039067727,"11","2019"
"PR18M0003",-1.09821152603793,"11","2019"
"PR18F0006",-1.83484291840945,"11","2019"
"PR18F0007",-1.21719503015591,"11","2019"
"PR18U0001",-2.11544243349707,"11","2019"
"PR18F0014",-1.94088973931992,"11","2019"
"PR18M0001",-1.40377028201864,"11","2019"
"PR18U0002",-1.61476570751062,"11","2019"
"PR18F0017",-2.03487898416341,"11","2019"
"PR18F0005",-1.50104965214457,"11","2019"
"PR18M0006",-1.07875643381012,"11","2019"
"PR18F0013",-2.08218294450165,"11","2019"
"PR18F0018",-1.95725101481022,"11","2019"
"PR18M0008",-1.95890796001903,"11","2019"
"PR17M0022",-2.11280134571117,"11","2019"
"PR17M0023",-2.21601106402414,"11","2019"
"PR17F0032",-2.24068627884537,"11","2019"
"PR17M0032",-1.97606517471113,"11","2019"
"PR17F0035",-1.75425482224235,"11","2019"
"PR17M0024",-2.11021877414154,"11","2019"
"PR17M0028",-1.7549600617578,"11","2019"
"PR17F0034",-1.76578917532727,"11","2019"
"PR17U0007",-1.93073228738825,"11","2019"
"PR17M0017",-1.76621918489766,"11","2019"
"PR17F0023",-1.91899265571967,"11","2019"
"PR17F0026",-1.97585649805424,"11","2019"
"PR17F0017",-2.20654429429852,"11","2019"
"PR17F0008",-1.66155298949868,"11","2019"
"PR17F0018",-1.97381239236388,"11","2019"
"PR17M0011",-2.1081400681763,"11","2019"
"PR17F0027",-1.97540906938064,"11","2019"
"PR17F0020",-1.91630228991471,"11","2019"
"PR17U0004",-1.93737056726146,"11","2019"
"PR17F0037",-2.08032579624441,"11","2019"
"PR17M0003",-2.23972353083149,"11","2019"
"PR17F0024",-2.09509434983786,"11","2019"
"PR17F0014",-2.23378788667981,"11","2019"
"PR17F0011",-2.36344228140608,"11","2019"
"PR17F0009",-2.07973726625951,"11","2019"
"PR17M0014",-1.84336347288616,"11","2019"
"PR17F0015",-2.23427946218144,"11","2019"
"PR17M0012",-2.2346785793901,"11","2019"
"PR17F0004",-1.97431254899585,"11","2019"
"PR17F0010",-2.21336679134574,"11","2019"
"PR17F0012",-2.0779930147355,"11","2019"
"PR17F0002",-2.21567843394219,"11","2019"
"PR17F0003",-2.10219716266698,"11","2019"
"PR17M0030",-1.95913195220871,"11","2019"
"PR17F0005",-2.6139446438428,"11","2019"
"PR18M0010",-2.08292780115916,"11","2019"
"PR17F0006",-2.36480290113441,"11","2019"
"PR18F0034",-2.00091166215812,"11","2019"
"PR17U0001",-2.15773613062739,"11","2019"
"PR18F0012",-2.03650231961644,"11","2019"
"PR18F0019",-2.12877421803663,"11","2019"
"PR18M0015",-1.91223126439567,"11","2019"
"PR18F0010",-2.12763990656387,"11","2019"
"PR18M0013",-2.00770760380056,"11","2019"
"PR18F0003",-1.69133185537651,"11","2019"
"PR19F0032",1.62892957495448,"11","2019"
"PR19F0018",1.37179384603346,"11","2019"
"PR19F0016",1.70927843895945,"11","2019"
"PR19M0007",1.74396588575957,"11","2019"
"PR19F0014",1.62883076161316,"11","2019"
"PR19M0006",1.73814015195048,"11","2019"
"PR19F0020",1.73154036100387,"11","2019"
"PR19M0004",1.61803050488017,"11","2019"
"PR19F0013",1.32851570966248,"11","2019"
"PR19M0005",1.403641632704,"11","2019"
"PR19F0023",1.75994508249643,"11","2019"
"PR19M0008",1.71140828001396,"11","2019"
"PR19F0026",1.4709335373154,"11","2019"
"PR19F0022",1.45190410353048,"11","2019"
"PR19F0021",1.70428512232698,"11","2019"
"PR19F0028",1.6442656399558,"11","2019"
"PR19F0008",1.73823418847003,"11","2019"
"PR19F0025",1.75027319591882,"11","2019"
"PR19F0019",1.71249450272966,"11","2019"
"PR19M0010",1.63684089668569,"11","2019"
"PR19F0015",1.71249450272966,"11","2019"
"PR19F0027",1.6387053880537,"11","2019"
"PR19M0009",1.71242799686475,"11","2019"
"PR19F0009",1.80452818507178,"11","2019"
"PR19F0011",1.70378510294868,"11","2019"
"PR19F0012",1.71661622888805,"11","2019"
"PR17M0006",-0.346725299894078,"02","2020"
"PR17M0005",-0.714119541615379,"02","2020"
"PR20F0051",0.76911448376906,"02","2020"
"PR20F0050",0.643287836633956,"02","2020"
"PR20F0013",1.48769056576931,"02","2020"
"PR20F0014",1.62519371879632,"02","2020"
"PR20F0001",1.48114018854042,"02","2020"
"PR20M0008",1.09865053975687,"02","2020"
"PR20F0011",1.0343562377365,"02","2020"
"PR20F0002",1.66928279659787,"02","2020"
"PR20F0003",1.66515761288657,"02","2020"
"PR20F0005",1.67044697927994,"02","2020"
"PR20F0008",2.19531661134214,"02","2020"
"PR20F0007",2.55912308989953,"02","2020"
"PR20M0004",2.07823934165806,"02","2020"
"PR20M0002",2.19668544356617,"02","2020"
"PR20F0006",2.83723005026141,"02","2020"
"PR20M0005",3.22350148803022,"02","2020"
"PR20F0004",3.24743308564575,"02","2020"
"PR20F0009",2.83297039279168,"02","2020"
"PR20M0007",0.960939727635171,"02","2020"
"PR20F0016",1.48745253456407,"02","2020"
"PR20F0017",1.51031953556074,"02","2020"
"PR20M0001",1.02288402426597,"02","2020"
"PR20F0018",1.48088029398905,"02","2020"
"PR20F0015",1.48745253456407,"02","2020"
"PR20M0006",1.1027533048265,"02","2020"
"PR20F0021",0.894330493763704,"02","2020"
"PR20F0024",0.897890724245083,"02","2020"
"PR20F0030",0.894330493763704,"02","2020"
"PR20F0020",0.898637864256836,"02","2020"
"PR20F0028",0.83287534532137,"02","2020"
"PR20F0023",0.895088675337884,"02","2020"
"PR20F0031",0.895846856912064,"02","2020"
"PR20F0033",0.895846856912064,"02","2020"
"PR20F0027",0.903027119586174,"02","2020"
"PR20F0026",0.895739261375547,"02","2020"
"PR20U0003",-0.451294002553686,"02","2020"
"PR20F0041",-0.392443100029239,"02","2020"
"PR20F0039",-0.377088044963943,"02","2020"
"PR20F0037",-0.395437641041628,"02","2020"
"PR20F0038",-0.414774221127957,"02","2020"
"PR20F0049",-0.412238550233566,"02","2020"
"PR20F0036",-0.358601203644332,"02","2020"
"PR20F0045",-0.34406515546115,"02","2020"
"PR20F0035",-0.46566840537482,"02","2020"
"PR20M0009",-0.428296554274466,"02","2020"
"PR20F0044",-0.339294424822641,"02","2020"
"PR20F0034",-0.370541501085971,"02","2020"
"PR20M0010",-0.426256712815032,"02","2020"
"PR20F0043",-0.336159842852881,"02","2020"
"PR20F0025",0.898433684801241,"02","2020"
"PR20F0022",0.895758573982057,"02","2020"
"PR19M0013",1.02091393353122,"02","2020"
"PR19F0031",-1.06860271812739,"02","2020"
"PR19F0029",-0.0290321277168488,"02","2020"
"PR19F0011",-0.317490682105726,"02","2020"
"PR19F0025",1.41007639294945,"02","2020"
"PR19F0027",1.41005727294172,"02","2020"
"PR19F0009",1.44476538204705,"02","2020"
"PR19F0028",1.43966320831383,"02","2020"
"PR19F0008",1.44559488611902,"02","2020"
"PR19F0021",1.41005727294172,"02","2020"
"PR19F0023",1.44346301387595,"02","2020"
"PR19M0008",1.4370853679571,"02","2020"
"PR19F0026",0.658212539907395,"02","2020"
"PR19F0022",0.669625731407112,"02","2020"
"PR19M0005",0.631799275825124,"02","2020"
"PR19F0020",1.41014463995282,"02","2020"
"PR19M0004",1.31084346670383,"02","2020"
"PR19F0013",0.638408201478867,"02","2020"
"PR19F0018",0.634022121727163,"02","2020"
"PR19F0016",1.29577040920106,"02","2020"
"PR19M0007",1.37293233069379,"02","2020"
"PR19F0032",0.665561661758095,"02","2020"
"PR19F0005",0.673767019410301,"02","2020"
"PR19F0003",0.86422753221597,"02","2020"
"PR19F0007",0.977292179619753,"02","2020"
"PR19F0002",-0.110276112966416,"02","2020"
"PR19F0033",0.795971709841056,"02","2020"
"PR19M0001",0.793472381247516,"02","2020"
"PR18F0025",-1.64006977979205,"02","2020"
"PR18M0011",-1.25523213408825,"02","2020"
"PR18F0022",-1.30931807582769,"02","2020"
"PR18M0010",-1.20686669920497,"02","2020"
"PR18F0027",-1.3518854356401,"02","2020"
"PR18F0030",-1.43877889257322,"02","2020"
"PR18F0021",-1.21386251584588,"02","2020"
"PR18M0012",-1.26805541970713,"02","2020"
"PR18F0023",-1.18234648517026,"02","2020"
"PR18F0020",-1.21450344545063,"02","2020"
"PR18F0002",1.18153208088558,"02","2020"
"PR18M0003",1.39032347262506,"02","2020"
"PR18F0014",0.58584727631447,"02","2020"
"PR18F0017",-0.391211495654115,"02","2020"
"PR18F0005",1.33528604845458,"02","2020"
"PR18M0006",1.36759278119962,"02","2020"
"PR18M0008",0.24783812655533,"02","2020"
"PR17M0022",1.4696507994977,"02","2020"
"PR17M0023",-0.147543291354067,"02","2020"
"PR17F0032",1.53284093918127,"02","2020"
"PR17M0032",1.53170670586668,"02","2020"
"PR17M0030",-0.0506338899595526,"02","2020"
"PR17M0024",-0.0530998225283784,"02","2020"
"PR17M0028",-0.210270822505015,"02","2020"
"PR17F0034",0.971932695082005,"02","2020"
"PR17U0007",1.53481839456839,"02","2020"
"PR17M0017",-0.51369854440972,"02","2020"
"PR17F0026",1.2378373718555,"02","2020"
"PR17F0017",1.21333702305722,"02","2020"
"PR17F0008",1.53325962837677,"02","2020"
"PR17U0001",1.53080589159458,"02","2020"
"PR17F0018",1.46661290396004,"02","2020"
"PR17M0011",-0.0474252618340303,"02","2020"
"PR17F0020",1.52994340027211,"02","2020"
"PR17U0004",1.46916755214174,"02","2020"
"PR17F0037",-0.297244142664806,"02","2020"
"PR17M0003",1.25291228438642,"02","2020"
"PR17F0024",-0.0686386193668743,"02","2020"
"PR17F0011",-0.69993938319178,"02","2020"
"PR17F0009",-0.0469000754223377,"02","2020"
"PR17M0014",0.959103724638227,"02","2020"
"PR17F0015",-0.537923326221955,"02","2020"
"PR17M0012",-0.525910831298426,"02","2020"
"PR17F0004",1.5404400347455,"02","2020"
"PR17F0012",-0.105428801367067,"02","2020"
"PR17F0002",-0.308062538495758,"02","2020"
"PR17F0003",-0.299182549758506,"02","2020"
"PR17F0035",1.54055488146673,"02","2020"
"PR18F0018",0.284047760545534,"02","2020"
"PR18U0002",1.34184877285112,"02","2020"
"PR18F0029",1.53259847107873,"02","2020"
"PR18F0006",-0.23950505296859,"02","2020"
"PR18M0001",1.19440749913462,"02","2020"
"PR18F0012",-0.400861773008302,"02","2020"
"PR19M0012",-0.702517445600825,"02","2020"
"PR18F0019",-1.43024783917013,"02","2020"
"PR18F0007",1.36808495000344,"02","2020"
"PR18F0034",0.384514215570429,"02","2020"
"PR18U0001",-0.256230846760962,"02","2020"
"PR18M0015",-1.38361238427177,"02","2020"
"PR18M0013",-1.62734300637515,"02","2020"
"PR19F0006",0.274297807873844,"02","2020"
"PR19F0012",-0.0814876924401643,"02","2020"
"PR18F0010",0.622676255343259,"02","2020"
"PR20F0053",-0.798120651833784,"04","2020"
"PR20F0069",-1.21304427998536,"04","2020"
"PR20F0063",-0.796360107678201,"04","2020"
"PR20F0070",-1.21282054944192,"04","2020"
"PR20F0064",-0.710815576528689,"04","2020"
"PR20F0073",-0.797395935401261,"04","2020"
"PR20F0059",-1.13858986332236,"04","2020"
"PR20M0015",-1.16516183786886,"04","2020"
"PR20F0061",-0.655212916634508,"04","2020"
"PR20F0055",-0.824130184101924,"04","2020"
"PR20F0060",-1.16200557263009,"04","2020"
"PR20F0062",-1.17135775097517,"04","2020"
"PR20M0013",-1.18676197720587,"04","2020"
"PR20F0071",-1.16499862081437,"04","2020"
"PR20M0016",-1.16137486759855,"04","2020"
"PR20F0074",-1.17176260112659,"04","2020"
"PR20F0052",-1.17168517409281,"04","2020"
"PR20F0072",-0.797339488892678,"04","2020"
"PR20M0011",-1.17106623243299,"04","2020"
"PR20F0066",-1.14770153115185,"04","2020"
"PR20M0014",-1.10929952059506,"04","2020"
"PR20F0056",-1.16266627817528,"04","2020"
"PR20F0054",-1.17212170154507,"04","2020"
"PR20F0058",-0.591965750945913,"04","2020"
"PR20F0051",-1.5672897493717,"04","2020"
"PR20F0050",-2.03317574693745,"04","2020"
"PR20F0013",-0.851827674439382,"04","2020"
"PR20F0014",1.59548973711906,"04","2020"
"PR20F0001",-0.84285747292805,"04","2020"
"PR20M0008",-0.949133796352416,"04","2020"
"PR20F0011",-1.39381191527565,"04","2020"
"PR20F0002",0.283271799873772,"04","2020"
"PR20F0005",0.741590010539803,"04","2020"
"PR20F0008",0.335485701092251,"04","2020"
"PR20F0007",1.15877536387811,"04","2020"
"PR20M0004",0.408768221618675,"04","2020"
"PR20M0002",1.92668646778841,"04","2020"
"PR20F0006",2.01235459505211,"04","2020"
"PR20M0005",1.7773870277253,"04","2020"
"PR20F0004",2.36964419569937,"04","2020"
"PR20M0007",-1.68058334006817,"04","2020"
"PR20F0017",-0.926690478864635,"04","2020"
"PR20M0001",-1.61621125352863,"04","2020"
"PR20F0018",-1.03105470437919,"04","2020"
"PR20F0015",-0.52599282495942,"04","2020"
"PR20M0006",-1.22451088291884,"04","2020"
"PR20F0021",0.238981797715868,"04","2020"
"PR20F0024",0.0401487076280835,"04","2020"
"PR20F0030",-0.320367571890143,"04","2020"
"PR20F0020",-0.12592298985171,"04","2020"
"PR20F0023",0.696084333563237,"04","2020"
"PR20F0031",1.31566427134481,"04","2020"
"PR20F0033",-0.320018263882065,"04","2020"
"PR20F0026",0.0396820326999901,"04","2020"
"PR20U0003",-0.997307434492386,"04","2020"
"PR20F0041",-0.768357511807364,"04","2020"
"PR20F0039",-0.742415317159217,"04","2020"
"PR20F0037",-0.925792158389075,"04","2020"
"PR20F0038",-0.5566061399654,"04","2020"
"PR20F0049",-1.24866838039227,"04","2020"
"PR20F0036",-0.997307434492386,"04","2020"
"PR20F0045",-1.16236014683725,"04","2020"
"PR20F0035",-0.203668352231287,"04","2020"
"PR20M0009",-1.03749517036908,"04","2020"
"PR20F0044",-0.974596817360974,"04","2020"
"PR20F0034",-0.815904881185874,"04","2020"
"PR20M0010",-0.968027386211529,"04","2020"
"PR20F0043",-0.969600133986005,"04","2020"
"PR20F0025",-0.320367571890143,"04","2020"
"PR20F0022",-0.32100949007002,"04","2020"
"PR19M0013",-0.971352684745168,"04","2020"
"PR19F0031",-0.659262079026099,"04","2020"
"PR19F0029",-2.13329087215855,"04","2020"
"PR19F0012",-1.09258557463736,"04","2020"
"PR19F0025",-0.191648022437223,"04","2020"
"PR19F0027",-0.352671009172982,"04","2020"
"PR19F0009",-0.114484586706584,"04","2020"
"PR19F0028",-0.74908875639793,"04","2020"
"PR19F0008",-0.806725449474285,"04","2020"
"PR19F0021",-0.111828893997299,"04","2020"
"PR19M0008",-0.73050434803796,"04","2020"
"PR19F0026",-1.19032013618692,"04","2020"
"PR19F0022",-1.18833677159314,"04","2020"
"PR19M0005",-1.23841231032795,"04","2020"
"PR19F0020",-0.353003382414629,"04","2020"
"PR19M0004",-0.354282865473646,"04","2020"
"PR19F0018",-1.19032013618692,"04","2020"
"PR19F0016",-0.809496109216512,"04","2020"
"PR19M0007",-0.263402845373581,"04","2020"
"PR19F0032",-0.812437456491854,"04","2020"
"PR19F0003",-1.40071268339844,"04","2020"
"PR19F0006",-2.22040364086925,"04","2020"
"PR19F0007",-1.69174582663835,"04","2020"
"PR19F0002",-2.03206250773403,"04","2020"
"PR19M0001",-1.99518507892819,"04","2020"
"PR18M0011",-1.48671934626359,"04","2020"
"PR18F0022",-1.51602555984149,"04","2020"
"PR18M0010",-1.519227858345,"04","2020"
"PR18F0027",-0.996285022808612,"04","2020"
"PR18F0030",-1.1823650663157,"04","2020"
"PR18F0021",-1.50816565067462,"04","2020"
"PR18M0012",-1.52936109218211,"04","2020"
"PR18M0013",-1.1602569300847,"04","2020"
"PR18F0023",-1.24288861775158,"04","2020"
"PR18F0020",-1.19320641307632,"04","2020"
"PR18F0002",0.550278139241175,"04","2020"
"PR18F0014",-0.597014615252067,"04","2020"
"PR18M0001",1.06599998516458,"04","2020"
"PR18F0005",1.10618778301322,"04","2020"
"PR18M0006",0.981124732995405,"04","2020"
"PR18F0010",-0.639720054586384,"04","2020"
"PR18M0008",-0.583482484509112,"04","2020"
"PR17M0022",0.470512544077271,"04","2020"
"PR17M0023",0.564311327938946,"04","2020"
"PR17F0032",1.09289344493402,"04","2020"
"PR17M0032",0.874140694527669,"04","2020"
"PR17M0030",-0.0685519275939718,"04","2020"
"PR17F0035",1.27825035682056,"04","2020"
"PR17M0024",0.396830723869428,"04","2020"
"PR17M0028",0.365010430159614,"04","2020"
"PR17F0034",1.22942875797498,"04","2020"
"PR17U0007",0.798220235515225,"04","2020"
"PR17M0017",-0.355080895383503,"04","2020"
"PR17F0026",0.789759796318006,"04","2020"
"PR17F0017",1.30567224187852,"04","2020"
"PR17F0008",1.02157760105432,"04","2020"
"PR17U0001",1.23968735015957,"04","2020"
"PR17F0018",0.870891861217907,"04","2020"
"PR17M0011",0.746336780809633,"04","2020"
"PR17F0020",0.799643060830447,"04","2020"
"PR17U0004",0.789284619308708,"04","2020"
"PR17F0037",-1.3108870935353,"04","2020"
"PR17M0003",1.23180445906442,"04","2020"
"PR17F0024",-1.76789049126524,"04","2020"
"PR17M0006",1.18357097556856,"04","2020"
"PR17F0011",-1.48060179114592,"04","2020"
"PR17M0014",0.150254838307636,"04","2020"
"PR17F0015",0.0624280137678146,"04","2020"
"PR17M0005",-1.625453226299,"04","2020"
"PR17M0012",-0.501930738050354,"04","2020"
"PR17F0004",1.35997330434868,"04","2020"
"PR17F0012",0.0890522666874765,"04","2020"
"PR17F0002",-0.236120567344971,"04","2020"
"PR17F0003",-0.0730459610482335,"04","2020"
"PR20F0016",-0.52599282495942,"04","2020"
"PR19F0023",-0.749783838602574,"04","2020"
"PR17F0009",0.0583533236284763,"04","2020"
"PR20F0068",-0.961142150269571,"04","2020"
"PR20F0009",2.77646803024094,"04","2020"
"PR19F0033",-1.90422726346053,"04","2020"
"PR18F0018",-0.549073676574531,"04","2020"
"PR19M0003",-1.87867269574344,"04","2020"
"PR19F0011",-1.30456462852052,"04","2020"
"PR18F0025",-1.18059470384438,"04","2020"
"PR18M0015",-1.05955636254969,"04","2020"
"PR18F0019",-1.45784460574035,"04","2020"
"PR19M0011",-1.42144710697544,"04","2020"
"PR18F0006",-0.389281707825188,"04","2020"
"PR18U0002",0.953900135414657,"04","2020"
"PR18F0034",-0.682908377906018,"04","2020"
"PR19M0012",-2.05725268105963,"04","2020"
"PR18M0003",1.09288402844888,"04","2020"
"PR18F0007",-0.174079752842708,"04","2020"
"PR18F0029",1.12420534897767,"04","2020"
"PR20F0053",-1.45389962672986,"07","2020"
"PR20F0069",-1.40552580360028,"07","2020"
"PR20F0063",-1.1435302371473,"07","2020"
"PR20F0070",-1.48812564994458,"07","2020"
"PR20F0064",-1.47587022081612,"07","2020"
"PR20F0073",-1.45421455353656,"07","2020"
"PR20F0059",-1.45421889809052,"07","2020"
"PR20M0015",-1.3958728607919,"07","2020"
"PR20F0061",-1.42182942987875,"07","2020"
"PR20F0055",-1.328031345237,"07","2020"
"PR20F0060",-1.37422138022197,"07","2020"
"PR20M0013",-1.48161679462709,"07","2020"
"PR20F0071",-1.49177236145764,"07","2020"
"PR20M0016",-1.35929972046656,"07","2020"
"PR20F0074",-1.49163275781716,"07","2020"
"PR20F0052",-1.48975420344579,"07","2020"
"PR20F0072",-1.43325264018887,"07","2020"
"PR20M0011",-1.48771487816399,"07","2020"
"PR20F0066",-1.41669956608379,"07","2020"
"PR20F0068",-1.38267417153484,"07","2020"
"PR20F0056",-1.40661370917539,"07","2020"
"PR20F0054",-1.48914093944007,"07","2020"
"PR20F0058",-1.37356696826425,"07","2020"
"PR20F0051",-2.74855068008835,"07","2020"
"PR20F0050",-2.90699417118173,"07","2020"
"PR20F0013",-2.43618847774431,"07","2020"
"PR20F0014",-2.503784191343,"07","2020"
"PR20F0001",-2.43961765319382,"07","2020"
"PR20M0008",-2.4408911829922,"07","2020"
"PR20F0011",-2.45559555984397,"07","2020"
"PR20F0002",-2.17414815560746,"07","2020"
"PR20F0005",-2.12006558078808,"07","2020"
"PR20F0008",-2.04028989916548,"07","2020"
"PR20M0004",-2.07504522678107,"07","2020"
"PR20M0002",-1.98127008255606,"07","2020"
"PR20F0006",-1.8218222944384,"07","2020"
"PR20M0005",-2.03996616332919,"07","2020"
"PR20F0004",-1.39859936810844,"07","2020"
"PR20F0009",-1.98296329648297,"07","2020"
"PR20M0007",-2.55944972997671,"07","2020"
"PR20F0016",-2.44605475231568,"07","2020"
"PR20F0017",-2.4344659192739,"07","2020"
"PR20M0001",-2.5846674500601,"07","2020"
"PR20F0018",-2.43801623217275,"07","2020"
"PR20F0015",-2.85001682577763,"07","2020"
"PR20M0006",-2.41932400892944,"07","2020"
"PR20F0021",0.158421020083915,"07","2020"
"PR20F0024",1.39031665254929,"07","2020"
"PR20F0030",0.111807329608693,"07","2020"
"PR20F0023",0.426473513115206,"07","2020"
"PR20F0031",1.12494787171336,"07","2020"
"PR20F0033",-0.0204973583581171,"07","2020"
"PR20F0026",1.40968769891398,"07","2020"
"PR20U0003",-1.48574301508245,"07","2020"
"PR20F0041",-1.05912426420353,"07","2020"
"PR20F0039",-2.11702368232963,"07","2020"
"PR20F0037",-1.41246231648551,"07","2020"
"PR20F0038",-1.20079574777073,"07","2020"
"PR20F0049",-1.74536838975825,"07","2020"
"PR20F0036",-1.44416719912685,"07","2020"
"PR20F0045",-1.75294583106611,"07","2020"
"PR20F0035",0.609547702234532,"07","2020"
"PR20M0009",-1.51006422050714,"07","2020"
"PR20F0044",-2.06190201963227,"07","2020"
"PR20F0034",-1.43378812127499,"07","2020"
"PR20M0010",-1.27868500691081,"07","2020"
"PR20F0043",-1.91841424516661,"07","2020"
"PR20F0025",-0.0216474399103308,"07","2020"
"PR20F0022",0.361435899348431,"07","2020"
"PR19M0013",-2.45429941247942,"07","2020"
"PR19F0031",-2.4205420935933,"07","2020"
"PR19F0029",-3.18804863586547,"07","2020"
"PR19F0027",-1.66269788563758,"07","2020"
"PR19F0009",-1.70127987341971,"07","2020"
"PR19F0028",-1.91167539662157,"07","2020"
"PR19F0008",-1.8757918823265,"07","2020"
"PR19F0023",-1.89468739883935,"07","2020"
"PR19M0008",-1.95609480764553,"07","2020"
"PR19F0026",-2.1109737381327,"07","2020"
"PR19F0022",-2.1358625559026,"07","2020"
"PR19M0005",-2.07362324945281,"07","2020"
"PR19F0020",-1.68144576469594,"07","2020"
"PR19M0004",-1.73281579130201,"07","2020"
"PR19F0018",-2.18183909792426,"07","2020"
"PR19F0016",-1.87718050699346,"07","2020"
"PR19M0007",-1.7525843374507,"07","2020"
"PR19F0032",-2.15023218682094,"07","2020"
"PR19F0003",-2.53140048266719,"07","2020"
"PR19F0007",-2.83880922304966,"07","2020"
"PR19F0002",-2.90749644945908,"07","2020"
"PR18M0010",-2.40909730508608,"07","2020"
"PR18F0030",-2.38265532636863,"07","2020"
"PR18M0012",-2.40727234398649,"07","2020"
"PR18F0002",-1.28734707093467,"07","2020"
"PR18F0014",-1.630725269799,"07","2020"
"PR18F0005",-1.33218717998134,"07","2020"
"PR18M0006",-1.26860728129299,"07","2020"
"PR17M0022",-1.35397692437561,"07","2020"
"PR17M0023",-1.06003412589943,"07","2020"
"PR17F0032",-1.55630292190374,"07","2020"
"PR17M0032",-1.60996130403982,"07","2020"
"PR17M0030",-2.21382845398614,"07","2020"
"PR17F0035",-1.57530155662443,"07","2020"
"PR17M0024",-1.19120693677775,"07","2020"
"PR17M0028",-1.70520883377463,"07","2020"
"PR17F0034",-1.73005270733802,"07","2020"
"PR17U0007",-1.63991782673509,"07","2020"
"PR17M0017",-1.71001742568441,"07","2020"
"PR17F0017",-1.31388437052134,"07","2020"
"PR17F0008",-1.68010322707144,"07","2020"
"PR17U0001",-1.60955954738647,"07","2020"
"PR17F0018",-1.5248958114387,"07","2020"
"PR17M0011",-1.28706976385716,"07","2020"
"PR17F0020",-1.59157215632347,"07","2020"
"PR17U0004",-1.516662539533,"07","2020"
"PR17F0037",-2.31205486374055,"07","2020"
"PR17M0003",-0.663412582621168,"07","2020"
"PR17F0024",-3.20439076814428,"07","2020"
"PR17M0006",-0.673386213716861,"07","2020"
"PR17F0011",-1.70808914359117,"07","2020"
"PR17F0009",-1.2931012443512,"07","2020"
"PR17M0014",-1.48952199317636,"07","2020"
"PR17M0005",-2.56361141130407,"07","2020"
"PR17M0012",-2.37522623118289,"07","2020"
"PR17F0004",-1.08541136481631,"07","2020"
"PR17F0012",-1.42640146633359,"07","2020"
"PR17F0002",-1.70672982781976,"07","2020"
"PR17F0003",-1.70745338922665,"07","2020"
"PR20F0020",0.123799264917956,"07","2020"
"PR17F0026",-1.58062773163846,"07","2020"
"PR19F0021",-1.66321786529486,"07","2020"
"PR19F0033",-2.9684480880701,"07","2020"
"PR19M0001",-3.00533564523399,"07","2020"
"PR18F0022",-2.39686274669983,"07","2020"
"PR20F0053",-3.56086796969194,"11","2020"
"PR20F0069",-3.56208596893692,"11","2020"
"PR20F0070",-3.44670644207144,"11","2020"
"PR20F0064",-3.44207013151628,"11","2020"
"PR20F0073",-3.56656058970999,"11","2020"
"PR20F0059",-3.55690785738679,"11","2020"
"PR20M0015",-3.5587856990954,"11","2020"
"PR20F0060",-3.55227644236955,"11","2020"
"PR20M0013",-3.66639243443231,"11","2020"
"PR20F0071",-3.68715768983687,"11","2020"
"PR20F0074",-3.68638874575871,"11","2020"
"PR20F0052",-3.25347428318441,"11","2020"
"PR20F0072",-3.66282350596076,"11","2020"
"PR20M0011",-3.56891715536412,"11","2020"
"PR20F0066",-3.3424600870646,"11","2020"
"PR20F0068",-3.56693728653598,"11","2020"
"PR20F0056",-3.56127637245093,"11","2020"
"PR20F0054",-3.68675731038758,"11","2020"
"PR20F0051",-4.48062403381867,"11","2020"
"PR20F0013",-3.75688081173423,"11","2020"
"PR20F0014",-3.98047351374778,"11","2020"
"PR20F0001",-3.7700206410233,"11","2020"
"PR20M0008",-3.77045964304239,"11","2020"
"PR20F0011",-3.82607397286295,"11","2020"
"PR20F0002",-3.46350936151359,"11","2020"
"PR20F0005",-3.44822886882226,"11","2020"
"PR20F0008",-3.43155154522548,"11","2020"
"PR20M0002",-3.41562565945854,"11","2020"
"PR20F0006",-2.97560850978359,"11","2020"
"PR20F0009",-3.55656951728284,"11","2020"
"PR20M0007",-3.82603393907169,"11","2020"
"PR20F0016",-3.75561814660763,"11","2020"
"PR20F0017",-3.64529118114365,"11","2020"
"PR20M0001",-3.8270894600109,"11","2020"
"PR20F0018",-3.75688081173423,"11","2020"
"PR20F0015",-3.95575959688119,"11","2020"
"PR20U0003",-2.98088898690221,"11","2020"
"PR19M0013",-4.26073796306481,"11","2020"
"PR19F0031",-4.13327583806635,"11","2020"
"PR19F0029",-4.80615353379359,"11","2020"
"PR19F0027",-3.60811082300852,"11","2020"
"PR19F0009",-3.62062447838408,"11","2020"
"PR19F0028",-3.61992593840133,"11","2020"
"PR19F0008",-3.61942035479516,"11","2020"
"PR19F0023",-3.61724732822575,"11","2020"
"PR19M0008",-3.62062447838408,"11","2020"
"PR19F0026",-3.71453432133608,"11","2020"
"PR19F0022",-3.7932604921284,"11","2020"
"PR19F0020",-3.61012323458536,"11","2020"
"PR19M0004",-3.6121350750426,"11","2020"
"PR19F0018",-3.76914174794546,"11","2020"
"PR19F0016",-3.63231202955674,"11","2020"
"PR19M0007",-3.36643877001812,"11","2020"
"PR19F0032",-3.75805156586698,"11","2020"
"PR19F0003",-4.01465789281375,"11","2020"
"PR19F0002",-4.68646309860796,"11","2020"
"PR18M0010",-4.12907755194629,"11","2020"
"PR18F0030",-3.9446512299314,"11","2020"
"PR18F0014",-3.48154504483602,"11","2020"
"PR18M0006",-3.39909515027418,"11","2020"
"PR17M0022",-3.73277775122672,"11","2020"
"PR17M0023",-3.40911681272862,"11","2020"
"PR17F0032",-3.30272518638679,"11","2020"
"PR17F0035",-3.63794261100212,"11","2020"
"PR17M0024",-3.57094301110051,"11","2020"
"PR17M0028",-3.81035122412062,"11","2020"
"PR17F0034",-3.86327912659083,"11","2020"
"PR17U0007",-3.78736313703718,"11","2020"
"PR17M0017",-3.73215780828641,"11","2020"
"PR17F0026",-3.79350970927149,"11","2020"
"PR17F0008",-3.72233122082701,"11","2020"
"PR17U0001",-3.40892629453171,"11","2020"
"PR17F0018",-3.79789927929887,"11","2020"
"PR17M0011",-3.73277775122672,"11","2020"
"PR17F0020",-3.6573002275262,"11","2020"
"PR17M0003",-3.30777963684863,"11","2020"
"PR17F0024",-3.82759085473844,"11","2020"
"PR17F0011",-3.9890976876096,"11","2020"
"PR17F0009",-3.4218561746416,"11","2020"
"PR17M0014",-3.61271242119311,"11","2020"
"PR17M0005",-4.00810773692994,"11","2020"
"PR17F0004",-3.52633912475666,"11","2020"
"PR17F0012",-3.41441742816724,"11","2020"
"PR17F0002",-3.4108840002155,"11","2020"
"PR17F0003",-3.73197804433908,"11","2020"
"PR20F0020",-1.97976769869338,"11","2020"
"PR20F0021",-2.40480083976784,"11","2020"
"PR20F0022",-1.97976769869338,"11","2020"
"PR20F0023",-2.47765022544363,"11","2020"
"PR20F0024",-2.16226661414171,"11","2020"
"PR20F0025",-2.4819179461109,"11","2020"
"PR20F0026",-2.15815589729796,"11","2020"
"PR20F0030",-2.47765022544363,"11","2020"
"PR20F0031",-2.15815589729796,"11","2020"
"PR20F0033",-2.48007391373115,"11","2020"
"PR20F0034",-2.95141049359752,"11","2020"
"PR20F0035",-2.93189772305162,"11","2020"
"PR20F0036",-2.98467766520087,"11","2020"
"PR20F0037",-2.98267829944411,"11","2020"
"PR20F0038",-2.99867180118057,"11","2020"
"PR20F0039",-3.08636264731621,"11","2020"
"PR20F0041",-2.77076270338001,"11","2020"
"PR20F0043",-2.94913404311487,"11","2020"
"PR20F0044",-2.95669646893435,"11","2020"
"PR20F0045",-3.07889115257935,"11","2020"
"PR20F0049",-2.96046490944364,"11","2020"
"PR20M0009",-2.94468546607307,"11","2020"
"PR18F0022",-4.05798600833873,"11","2020"
"PR18F0005",-3.43761678182725,"11","2020"
